x_mm,y_mm
23.2738,113.8936
23.4534,112.5723
23.6842,111.2589
23.9634,109.9550
24.2879,108.6616
24.6543,107.3794
25.0600,106.1091
25.5015,104.8508
25.9758,103.6044
26.4798,102.3698
27.0109,101.1465
27.5664,99.9342
28.1436,98.7320
28.7398,97.5392
29.3525,96.3547
29.9793,95.1776
30.6177,94.0068
31.2652,92.8410
31.9194,91.6788
32.5776,90.5191
33.2379,89.3604
33.8995,88.2025
34.5619,87.0451
35.2249,85.8880
35.8881,84.7310
36.5509,83.5738
37.2131,82.4163
37.8742,81.2581
38.5338,80.0991
39.1916,78.9390
39.8470,77.7777
40.4998,76.6148
41.1494,75.4501
41.7955,74.2835
42.4377,73.1148
43.0756,71.9436
43.7088,70.7700
44.3369,69.5936
44.9596,68.4144
45.5774,67.2325
46.1904,66.0482
46.7993,64.8617
47.4046,63.6734
48.0068,62.4836
48.6063,61.2923
49.2037,60.1001
49.7995,58.9070
50.3943,57.7134
50.9885,56.5196
51.5828,55.3257
52.1775,54.1321
52.7732,52.9390
53.3705,51.7466
53.9697,50.5553
54.5715,49.3652
55.1758,48.1764
55.7825,46.9888
56.3914,45.8024
57.0024,44.6170
57.6154,43.4327
58.2301,42.2492
58.8466,41.0667
59.4646,39.8850
60.0841,38.7040
60.7050,37.5238
61.3272,36.3443
61.9505,35.1653
62.5750,33.9870
63.2005,32.8092
63.8270,31.6320
64.4544,30.4553
65.0828,29.2790
65.7129,28.1037
66.3460,26.9300
66.9834,25.7586
67.6265,24.5903
68.2763,23.4258
68.9341,22.2657
69.6010,21.1109
70.2781,19.9620
70.9664,18.8198
71.6668,17.6850
72.3805,16.5585
73.1082,15.4409
73.8508,14.3333
74.6093,13.2364
75.3849,12.1516
76.1795,11.0806
76.9948,10.0253
77.8326,8.9879
78.6947,7.9704
79.5827,6.9756
80.4981,6.0059
81.4426,5.0645
82.4172,4.1544
83.4231,3.2789
84.2517,2.2686
84.1623,0.9709
83.1940,0.1024
81.8942,0.1541
80.6716,0.6853
79.4337,1.1811
78.1889,1.6596
76.9387,2.1237
75.6843,2.5762
74.4266,3.0199
73.1668,3.4571
71.9056,3.8905
70.6440,4.3225
69.3826,4.7555
68.1224,5.1916
66.8639,5.6328
65.6076,6.0802
64.3539,6.5348
63.1033,6.9977
61.8560,7.4695
60.6126,7.9515
59.3734,8.4442
58.1389,8.9488
56.9097,9.4658
55.6861,9.9963
54.4688,10.5408
53.2583,11.1003
52.0551,11.6754
50.8600,12.2670
49.6734,12.8757
48.4963,13.5024
47.3289,14.1471
46.1718,14.8099
45.0248,15.4903
43.8885,16.1882
42.7628,16.9031
41.6479,17.6350
40.5440,18.3832
39.4514,19.1477
38.3700,19.9280
37.3001,20.7241
36.2416,21.5353
35.1950,22.3617
34.1601,23.2027
33.1372,24.0583
32.1261,24.9279
31.1274,25.8116
30.1406,26.7086
29.1662,27.6191
28.2040,28.5424
27.2544,29.4787
26.3171,30.4273
25.3927,31.3885
24.4811,32.3618
23.5829,33.3476
22.6984,34.3455
21.8279,35.3558
20.9718,36.3783
20.1304,37.4129
19.3041,38.4596
18.4931,39.5183
17.6981,40.5889
16.9190,41.6712
16.1567,42.7654
15.4110,43.8710
14.6828,44.9882
13.9720,46.1165
13.2795,47.2562
12.6051,48.4066
11.9498,49.5681
11.3134,50.7400
10.6968,51.9224
10.0999,53.1150
9.5231,54.3173
8.9662,55.5290
8.4293,56.7497
7.9124,57.9790
7.4152,59.2164
6.9382,60.4617
6.4808,61.7144
6.0435,62.9742
5.6256,64.2406
5.2278,65.5135
4.8493,66.7922
4.4908,68.0766
4.1514,69.3663
3.8318,70.6610
3.5313,71.9602
3.2502,73.2638
2.9881,74.5714
2.7452,75.8826
2.5213,77.1973
2.3162,78.5149
2.1299,79.8354
1.9621,81.1584
1.8128,82.4836
1.6804,83.8105
1.5637,85.1390
1.4608,86.4686
1.3706,87.7991
1.2912,89.1303
1.2214,90.4620
1.1592,91.7942
1.1033,93.1266
1.0519,94.4591
1.0035,95.7918
0.9563,97.1246
0.9086,98.4573
0.8586,99.7899
0.8046,101.1224
0.7446,102.4546
0.6771,103.7865
0.5997,105.1178
0.5110,106.4484
0.4089,107.7781
0.2913,109.1064
0.1569,110.4332
0.0231,111.7599
0.0163,113.0927
0.1609,114.4176
0.4567,115.7172
0.8979,116.9749
1.4792,118.1743
2.1943,119.2990
3.0323,120.3355
3.9828,121.2698
5.0340,122.0891
6.1714,122.7840
7.3806,123.3446
8.6459,123.7633
9.9505,124.0359
11.2778,124.1576
12.6103,124.1271
13.9307,123.9458
15.2217,123.6145
16.4665,123.1383
17.6494,122.5241
18.7540,121.7782
19.7666,120.9116
20.6745,119.9358
21.4643,118.8622
22.1271,117.7059
22.6545,116.4819
23.0377,115.2053
