y_mm,sigma_x_MPa
10.0,31.523
10.25,29.856
10.5,28.19
10.75,26.862
11.0,25.534
11.25,24.46
11.5,23.386
11.75,22.51
12.0,21.634
12.25,20.913
12.5,20.191
12.75,19.591
13.0,18.991
13.25,18.488
13.5,17.986
13.75,17.561
14.0,17.136
14.25,16.775
14.5,16.414
14.75,16.105
15.0,15.795
15.25,15.529
15.5,15.263
15.75,15.032
16.0,14.801
16.25,14.6
16.5,14.399
16.75,14.223
17.0,14.047
17.25,13.893
17.5,13.738
17.75,13.601
18.0,13.464
18.25,13.343
18.5,13.221
18.75,13.113
19.0,13.005
19.25,12.908
19.5,12.811
19.75,12.724
20.0,12.637
20.25,12.559
20.5,12.481
20.75,12.41
21.0,12.339
21.25,12.274
21.5,12.21
21.75,12.152
22.0,12.093
22.25,12.039
22.5,11.986
22.75,11.937
23.0,11.888
23.25,11.843
23.5,11.798
23.75,11.756
24.0,11.715
24.25,11.677
24.5,11.638
24.75,11.603
25.0,11.567
25.25,11.534
25.5,11.501
25.75,11.47
26.0,11.439
26.25,11.41
26.5,11.382
26.75,11.355
27.0,11.328
27.25,11.302
27.5,11.277
27.75,11.253
28.0,11.229
28.25,11.206
28.5,11.183
28.75,11.162
29.0,11.14
29.25,11.12
29.5,11.099
29.75,11.08
30.0,11.06
30.25,11.041
30.5,11.023
30.75,11.005
31.0,10.987
31.25,10.969
31.5,10.952
31.75,10.935
32.0,10.918
32.25,10.902
32.5,10.885
32.75,10.87
33.0,10.854
33.25,10.838
33.5,10.822
33.75,10.807
34.0,10.792
34.25,10.777
34.5,10.762
34.75,10.747
35.0,10.732
35.25,10.717
35.5,10.702
35.75,10.688
36.0,10.673
36.25,10.658
36.5,10.643
36.75,10.629
37.0,10.614
37.25,10.599
37.5,10.584
37.75,10.569
38.0,10.554
38.25,10.539
38.5,10.524
38.75,10.508
39.0,10.493
39.25,10.477
39.5,10.461
39.75,10.445
40.0,10.429
40.25,10.412
40.5,10.396
40.75,10.379
41.0,10.362
41.25,10.344
41.5,10.327
41.75,10.309
42.0,10.291
42.25,10.272
42.5,10.253
42.75,10.233
43.0,10.214
43.25,10.194
43.5,10.173
43.75,10.152
44.0,10.131
44.25,10.109
44.5,10.087
44.75,10.064
45.0,10.041
45.25,10.017
45.5,9.9925
45.75,9.9672
46.0,9.9418
46.25,9.9151
46.5,9.8885
46.75,9.8604
47.0,9.8323
47.25,9.8028
47.5,9.7732
47.75,9.742
48.0,9.7109
48.25,9.6779
48.5,9.645
48.75,9.6102
49.0,9.5754
49.25,9.5386
49.5,9.5017
49.75,9.4627
50.0,9.4237
