t_s,T_sup_C,T_media_C
0.0500,55.8164,27.9071
0.1000,68.1635,30.6208
0.1500,77.3470,33.2695
0.2000,84.8478,35.8657
0.2500,91.2447,38.4146
0.3000,96.8375,40.9191
0.3500,101.8060,43.3810
0.4000,106.2682,45.8016
0.4500,110.3070,48.1817
0.5000,113.9832,50.5219
0.5500,117.3434,52.8225
0.6000,120.4242,55.0840
0.6500,123.2550,57.3064
0.7000,125.8604,59.4900
0.7500,128.2610,61.6347
0.8000,130.4741,63.7408
0.8500,132.5151,65.8082
0.9000,134.3973,67.8369
0.9500,136.1324,69.8271
1.0000,137.7309,71.7788
1.0500,139.2021,73.6919
1.1000,140.5543,75.5665
1.1500,141.7951,77.4025
1.2000,142.9313,79.2001
1.2500,143.9690,80.9592
1.3000,144.9138,82.6798
1.3500,145.7706,84.3620
1.4000,146.5441,86.0058
1.4500,147.2384,87.6110
1.5000,147.8572,89.1779
1.5500,148.4040,90.7063
1.6000,148.8818,92.1963
1.6500,149.2935,93.6479
1.7000,149.6415,95.0611
1.7500,149.9283,96.4359
1.8000,150.1559,97.7723
1.8500,150.3263,99.0703
1.9000,150.4411,100.3299
1.9500,150.5020,101.5511
2.0000,150.5105,102.7340
2.0500,150.4677,103.8785
2.1000,150.3749,104.9846
2.1500,150.2332,106.0524
2.2000,150.0436,107.0818
2.2500,149.8069,108.0729
2.3000,149.5240,109.0256
2.3500,149.1956,109.9400
2.4000,148.8224,110.8161
2.4500,148.4049,111.6538
2.5000,147.9438,112.4532
2.5500,147.4395,113.2143
2.6000,146.8925,113.9371
2.6500,146.3032,114.6215
2.7000,145.6720,115.2677
2.7500,144.9992,115.8755
2.8000,144.2852,116.4451
2.8500,143.5302,116.9763
2.9000,142.7346,117.4693
2.9500,141.8984,117.9239
3.0000,141.0220,118.3403
3.0500,140.1055,118.7184
3.1000,139.1492,119.0582
3.1500,138.1531,119.3597
3.2000,137.1175,119.6230
3.2500,136.0424,119.8480
3.3000,134.9280,120.0348
3.3500,133.7744,120.1833
3.4000,132.5817,120.2935
3.4500,131.3500,120.3655
3.5000,130.0794,120.3992
3.5500,128.7970,120.3958
3.6000,127.8091,120.3826
3.6500,126.9939,120.3707
3.7000,126.2899,120.3595
3.7500,125.6707,120.3487
3.8000,125.1201,120.3382
3.8500,124.6274,120.3280
3.9000,124.1843,120.3180
3.9500,123.7844,120.3080
4.0000,123.4227,120.2982
4.0500,123.0948,120.2884
4.1000,122.7972,120.2787
4.1500,122.5266,120.2690
4.2000,122.2804,120.2593
4.2500,122.0562,120.2497
4.3000,121.8518,120.2402
4.3500,121.6654,120.2306
4.4000,121.4953,120.2211
4.4500,121.3399,120.2115
4.5000,121.1980,120.2020
4.5500,121.0682,120.1926
4.6000,120.9494,120.1831
4.6500,120.8406,120.1736
4.7000,120.7409,120.1642
4.7500,120.6495,120.1547
4.8000,120.5655,120.1453
4.8500,120.4884,120.1358
4.9000,120.4175,120.1264
4.9500,120.3522,120.1170
5.0000,120.2920,120.1076
5.0500,120.2365,120.0982
5.1000,120.1852,120.0888
5.1500,120.1377,120.0794
5.2000,120.0937,120.0700
5.2500,120.0529,120.0606
5.3000,120.0149,120.0512
5.3500,119.9796,120.0419
5.4000,119.9466,120.0325
5.4500,119.9158,120.0231
5.5000,119.8870,120.0137
5.5500,119.8599,120.0044
5.6000,119.8345,119.9950
5.6500,119.8106,119.9857
5.7000,119.7879,119.9763
5.7500,119.7665,119.9669
5.8000,119.7462,119.9576
5.8500,119.7269,119.9482
5.9000,119.7085,119.9389
5.9500,119.6910,119.9295
6.0000,119.6742,119.9202
6.0500,119.6581,119.9108
6.1000,119.6426,119.9015
6.1500,119.6276,119.8922
6.2000,119.6132,119.8828
6.2500,119.5993,119.8735
6.3000,119.5858,119.8641
6.3500,119.5726,119.8548
6.4000,119.5598,119.8455
6.4500,119.5474,119.8361
6.5000,119.5352,119.8268
6.5500,119.5233,119.8175
6.6000,119.5116,119.8081
6.6500,119.5002,119.7988
6.7000,119.4889,119.7895
6.7500,119.4778,119.7801
6.8000,119.4669,119.7708
6.8500,119.4562,119.7615
6.9000,119.4455,119.7522
6.9500,119.4350,119.7428
7.0000,119.4246,119.7335
7.0500,119.4143,119.7242
7.1000,119.4041,119.7149
7.1500,119.3940,119.7056
7.2000,119.3840,119.6962
7.2500,119.3740,119.6869
7.3000,119.3641,119.6776
7.3500,119.3543,119.6683
7.4000,119.3445,119.6590
7.4500,119.3347,119.6497
7.5000,119.3250,119.6404
7.5500,119.3154,119.6310
7.6000,119.3057,119.6217
7.6500,119.2961,119.6124
7.7000,119.2866,119.6031
7.7500,119.2770,119.5938
7.8000,119.2675,119.5845
7.8500,119.2580,119.5752
7.9000,119.2485,119.5659
7.9500,119.2391,119.5566
8.0000,119.2297,119.5473
8.0500,119.2202,119.5380
8.1000,119.2108,119.5287
8.1500,119.2014,119.5194
8.2000,119.1921,119.5101
8.2500,119.1827,119.5008
8.3000,119.1733,119.4915
8.3500,119.1640,119.4822
8.4000,119.1547,119.4729
8.4500,119.1453,119.4636
8.5000,119.1360,119.4543
8.5500,119.1267,119.4450
8.6000,119.1174,119.4357
8.6500,119.1081,119.4264
8.7000,119.0988,119.4171
8.7500,119.0895,119.4078
8.8000,119.0802,119.3986
8.8500,119.0709,119.3893
8.9000,119.0616,119.3800
8.9500,119.0523,119.3707
9.0000,119.0430,119.3614
9.0500,119.0338,119.3521
9.1000,119.0245,119.3428
9.1500,119.0152,119.3336
9.2000,119.0060,119.3243
9.2500,118.9967,119.3150
9.3000,118.9874,119.3057
9.3500,118.9782,119.2964
9.4000,118.9689,119.2872
9.4500,118.9597,119.2779
9.5000,118.9504,119.2686
9.5500,118.9412,119.2593
9.6000,118.9319,119.2501
9.6500,118.9227,119.2408
9.7000,118.9134,119.2315
9.7500,118.9042,119.2222
9.8000,118.8949,119.2130
9.8500,118.8857,119.2037
9.9000,118.8764,119.1944
9.9500,118.8672,119.1852
10.0000,118.8580,119.1759
10.0500,118.8487,119.1666
10.1000,118.8395,119.1574
10.1500,118.8303,119.1481
10.2000,118.8210,119.1388
10.2500,118.8118,119.1296
10.3000,118.8026,119.1203
10.3500,118.7933,119.1111
10.4000,118.7841,119.1018
10.4500,118.7749,119.0925
10.5000,118.7656,119.0833
10.5500,118.7564,119.0740
10.6000,118.7472,119.0648
10.6500,118.7380,119.0555
10.7000,118.7287,119.0463
10.7500,118.7195,119.0370
10.8000,118.7103,119.0278
10.8500,118.7011,119.0185
10.9000,118.6919,119.0093
10.9500,118.6826,119.0000
11.0000,118.6734,118.9908
11.0500,118.6642,118.9815
11.1000,118.6550,118.9723
11.1500,118.6458,118.9630
11.2000,118.6366,118.9538
11.2500,118.6273,118.9445
11.3000,118.6181,118.9353
11.3500,118.6089,118.9261
11.4000,118.5997,118.9168
11.4500,118.5905,118.9076
11.5000,118.5813,118.8983
11.5500,118.5721,118.8891
11.6000,118.5629,118.8799
11.6500,118.5537,118.8706
11.7000,118.5445,118.8614
11.7500,118.5353,118.8522
11.8000,118.5261,118.8429
11.8500,118.5169,118.8337
11.9000,118.5077,118.8245
11.9500,118.4985,118.8152
12.0000,118.4893,118.8060
12.0500,118.4801,118.7968
12.1000,118.4709,118.7875
12.1500,118.4617,118.7783
12.2000,118.4525,118.7691
12.2500,118.4433,118.7599
12.3000,118.4341,118.7506
12.3500,118.4249,118.7414
12.4000,118.4157,118.7322
12.4500,118.4065,118.7230
12.5000,118.3973,118.7137
12.5500,118.3881,118.7045
12.6000,118.3789,118.6953
12.6500,118.3698,118.6861
12.7000,118.3606,118.6769
12.7500,118.3514,118.6677
12.8000,118.3422,118.6584
12.8500,118.3330,118.6492
12.9000,118.3238,118.6400
12.9500,118.3147,118.6308
13.0000,118.3055,118.6216
13.0500,118.2963,118.6124
13.1000,118.2871,118.6032
13.1500,118.2779,118.5940
13.2000,118.2688,118.5847
13.2500,118.2596,118.5755
13.3000,118.2504,118.5663
13.3500,118.2412,118.5571
13.4000,118.2321,118.5479
13.4500,118.2229,118.5387
13.5000,118.2137,118.5295
13.5500,118.2045,118.5203
13.6000,118.1954,118.5111
13.6500,118.1862,118.5019
13.7000,118.1770,118.4927
13.7500,118.1679,118.4835
13.8000,118.1587,118.4743
13.8500,118.1495,118.4651
13.9000,118.1404,118.4559
13.9500,118.1312,118.4467
14.0000,118.1220,118.4375
14.0500,118.1129,118.4283
14.1000,118.1037,118.4192
14.1500,118.0946,118.4100
14.2000,118.0854,118.4008
14.2500,118.0762,118.3916
14.3000,118.0671,118.3824
14.3500,118.0579,118.3732
14.4000,118.0488,118.3640
14.4500,118.0396,118.3548
14.5000,118.0305,118.3456
14.5500,118.0213,118.3365
14.6000,118.0122,118.3273
14.6500,118.0030,118.3181
14.7000,117.9939,118.3089
14.7500,117.9847,118.2997
14.8000,117.9756,118.2906
14.8500,117.9664,118.2814
14.9000,117.9573,118.2722
14.9500,117.9481,118.2630
15.0000,117.9390,118.2539
15.0500,117.9298,118.2447
15.1000,117.9207,118.2355
15.1500,117.9116,118.2263
15.2000,117.9024,118.2172
15.2500,117.8933,118.2080
15.3000,117.8841,118.1988
15.3500,117.8750,118.1896
15.4000,117.8659,118.1805
15.4500,117.8567,118.1713
15.5000,117.8476,118.1621
15.5500,117.8385,118.1530
15.6000,117.8293,118.1438
15.6500,117.8202,118.1346
15.7000,117.8111,118.1255
15.7500,117.8019,118.1163
15.8000,117.7928,118.1072
15.8500,117.7837,118.0980
15.9000,117.7745,118.0888
15.9500,117.7654,118.0797
16.0000,117.7563,118.0705
16.0500,117.7472,118.0614
16.1000,117.7380,118.0522
16.1500,117.7289,118.0431
16.2000,117.7198,118.0339
16.2500,117.7107,118.0248
16.3000,117.7015,118.0156
16.3500,117.6924,118.0064
16.4000,117.6833,117.9973
16.4500,117.6742,117.9881
16.5000,117.6651,117.9790
16.5500,117.6559,117.9699
16.6000,117.6468,117.9607
16.6500,117.6377,117.9516
16.7000,117.6286,117.9424
16.7500,117.6195,117.9333
16.8000,117.6104,117.9241
16.8500,117.6013,117.9150
16.9000,117.5922,117.9058
16.9500,117.5830,117.8967
17.0000,117.5739,117.8876
17.0500,117.5648,117.8784
17.1000,117.5557,117.8693
17.1500,117.5466,117.8601
17.2000,117.5375,117.8510
17.2500,117.5284,117.8419
17.3000,117.5193,117.8327
17.3500,117.5102,117.8236
17.4000,117.5011,117.8145
17.4500,117.4920,117.8053
17.5000,117.4829,117.7962
17.5500,117.4738,117.7871
17.6000,117.4647,117.7780
17.6500,117.4556,117.7688
17.7000,117.4465,117.7597
17.7500,117.4374,117.7506
17.8000,117.4283,117.7415
17.8500,117.4192,117.7323
17.9000,117.4101,117.7232
17.9500,117.4010,117.7141
18.0000,117.3919,117.7050
18.0500,117.3829,117.6958
18.1000,117.3738,117.6867
18.1500,117.3647,117.6776
18.2000,117.3556,117.6685
18.2500,117.3465,117.6594
18.3000,117.3374,117.6502
18.3500,117.3283,117.6411
18.4000,117.3192,117.6320
18.4500,117.3102,117.6229
18.5000,117.3011,117.6138
18.5500,117.2920,117.6047
18.6000,117.2829,117.5956
18.6500,117.2738,117.5865
18.7000,117.2648,117.5773
18.7500,117.2557,117.5682
18.8000,117.2466,117.5591
18.8500,117.2375,117.5500
18.9000,117.2285,117.5409
18.9500,117.2194,117.5318
19.0000,117.2103,117.5227
19.0500,117.2012,117.5136
19.1000,117.1922,117.5045
19.1500,117.1831,117.4954
19.2000,117.1740,117.4863
19.2500,117.1650,117.4772
19.3000,117.1559,117.4681
19.3500,117.1468,117.4590
19.4000,117.1378,117.4499
19.4500,117.1287,117.4408
19.5000,117.1196,117.4317
19.5500,117.1106,117.4226
19.6000,117.1015,117.4135
19.6500,117.0924,117.4044
19.7000,117.0834,117.3954
19.7500,117.0743,117.3863
19.8000,117.0653,117.3772
19.8500,117.0562,117.3681
19.9000,117.0472,117.3590
19.9500,117.0381,117.3499
20.0000,117.0290,117.3408
20.0500,117.0200,117.3317
20.1000,117.0109,117.3227
20.1500,117.0019,117.3136
20.2000,116.9928,117.3045
20.2500,116.9838,117.2954
20.3000,116.9747,117.2863
20.3500,116.9657,117.2772
20.4000,116.9566,117.2682
20.4500,116.9476,117.2591
20.5000,116.9385,117.2500
20.5500,116.9295,117.2409
20.6000,116.9204,117.2319
20.6500,116.9114,117.2228
20.7000,116.9024,117.2137
20.7500,116.8933,117.2046
20.8000,116.8843,117.1956
20.8500,116.8752,117.1865
20.9000,116.8662,117.1774
20.9500,116.8572,117.1684
21.0000,116.8481,117.1593
21.0500,116.8391,117.1502
21.1000,116.8301,117.1412
21.1500,116.8210,117.1321
21.2000,116.8120,117.1230
21.2500,116.8029,117.1140
21.3000,116.7939,117.1049
21.3500,116.7849,117.0958
21.4000,116.7759,117.0868
21.4500,116.7668,117.0777
21.5000,116.7578,117.0687
21.5500,116.7488,117.0596
21.6000,116.7397,117.0505
21.6500,116.7307,117.0415
21.7000,116.7217,117.0324
21.7500,116.7127,117.0234
21.8000,116.7036,117.0143
21.8500,116.6946,117.0053
21.9000,116.6856,116.9962
21.9500,116.6766,116.9872
22.0000,116.6676,116.9781
22.0500,116.6585,116.9691
22.1000,116.6495,116.9600
22.1500,116.6405,116.9510
22.2000,116.6315,116.9419
22.2500,116.6225,116.9329
22.3000,116.6135,116.9238
22.3500,116.6044,116.9148
22.4000,116.5954,116.9058
22.4500,116.5864,116.8967
22.5000,116.5774,116.8877
22.5500,116.5684,116.8786
22.6000,116.5594,116.8696
22.6500,116.5504,116.8606
22.7000,116.5414,116.8515
22.7500,116.5324,116.8425
22.8000,116.5234,116.8334
22.8500,116.5144,116.8244
22.9000,116.5054,116.8154
22.9500,116.4964,116.8063
23.0000,116.4874,116.7973
23.0500,116.4784,116.7883
23.1000,116.4694,116.7792
23.1500,116.4604,116.7702
23.2000,116.4514,116.7612
23.2500,116.4424,116.7522
23.3000,116.4334,116.7431
23.3500,116.4244,116.7341
23.4000,116.4154,116.7251
23.4500,116.4064,116.7161
23.5000,116.3974,116.7070
23.5500,116.3884,116.6980
23.6000,116.3794,116.6890
23.6500,116.3704,116.6800
23.7000,116.3614,116.6709
23.7500,116.3524,116.6619
23.8000,116.3434,116.6529
23.8500,116.3345,116.6439
23.9000,116.3255,116.6349
23.9500,116.3165,116.6259
24.0000,116.3075,116.6168
24.0500,116.2985,116.6078
24.1000,116.2895,116.5988
24.1500,116.2806,116.5898
24.2000,116.2716,116.5808
24.2500,116.2626,116.5718
24.3000,116.2536,116.5628
24.3500,116.2446,116.5538
24.4000,116.2357,116.5448
24.4500,116.2267,116.5358
24.5000,116.2177,116.5267
24.5500,116.2087,116.5177
24.6000,116.1998,116.5087
24.6500,116.1908,116.4997
24.7000,116.1818,116.4907
24.7500,116.1728,116.4817
24.8000,116.1639,116.4727
24.8500,116.1549,116.4637
24.9000,116.1459,116.4547
24.9500,116.1370,116.4457
25.0000,116.1280,116.4367
25.0500,116.1190,116.4277
25.1000,116.1101,116.4187
25.1500,116.1011,116.4098
25.2000,116.0921,116.4008
25.2500,116.0832,116.3918
25.3000,116.0742,116.3828
25.3500,116.0653,116.3738
25.4000,116.0563,116.3648
25.4500,116.0473,116.3558
25.5000,116.0384,116.3468
25.5500,116.0294,116.3378
25.6000,116.0205,116.3288
25.6500,116.0115,116.3199
25.7000,116.0026,116.3109
25.7500,115.9936,116.3019
25.8000,115.9847,116.2929
25.8500,115.9757,116.2839
25.9000,115.9668,116.2749
25.9500,115.9578,116.2660
26.0000,115.9489,116.2570
26.0500,115.9399,116.2480
26.1000,115.9310,116.2390
26.1500,115.9220,116.2301
26.2000,115.9131,116.2211
26.2500,115.9041,116.2121
26.3000,115.8952,116.2031
26.3500,115.8862,116.1942
26.4000,115.8773,116.1852
26.4500,115.8684,116.1762
26.5000,115.8594,116.1672
26.5500,115.8505,116.1583
26.6000,115.8415,116.1493
26.6500,115.8326,116.1403
26.7000,115.8237,116.1314
26.7500,115.8147,116.1224
26.8000,115.8058,116.1134
26.8500,115.7969,116.1045
26.9000,115.7879,116.0955
26.9500,115.7790,116.0865
27.0000,115.7701,116.0776
27.0500,115.7611,116.0686
27.1000,115.7522,116.0597
27.1500,115.7433,116.0507
27.2000,115.7343,116.0417
27.2500,115.7254,116.0328
27.3000,115.7165,116.0238
27.3500,115.7076,116.0149
27.4000,115.6986,116.0059
27.4500,115.6897,115.9970
27.5000,115.6808,115.9880
27.5500,115.6719,115.9791
27.6000,115.6630,115.9701
27.6500,115.6540,115.9612
27.7000,115.6451,115.9522
27.7500,115.6362,115.9433
27.8000,115.6273,115.9343
27.8500,115.6184,115.9254
27.9000,115.6095,115.9164
27.9500,115.6005,115.9075
28.0000,115.5916,115.8985
28.0500,115.5827,115.8896
28.1000,115.5738,115.8807
28.1500,115.5649,115.8717
28.2000,115.5560,115.8628
28.2500,115.5471,115.8538
28.3000,115.5382,115.8449
28.3500,115.5293,115.8360
28.4000,115.5203,115.8270
28.4500,115.5114,115.8181
28.5000,115.5025,115.8091
28.5500,115.4936,115.8002
28.6000,115.4847,115.7913
28.6500,115.4758,115.7823
28.7000,115.4669,115.7734
28.7500,115.4580,115.7645
28.8000,115.4491,115.7556
28.8500,115.4402,115.7466
28.9000,115.4313,115.7377
28.9500,115.4224,115.7288
29.0000,115.4135,115.7198
29.0500,115.4046,115.7109
29.1000,115.3957,115.7020
29.1500,115.3868,115.6931
29.2000,115.3780,115.6841
29.2500,115.3691,115.6752
29.3000,115.3602,115.6663
29.3500,115.3513,115.6574
29.4000,115.3424,115.6485
29.4500,115.3335,115.6395
29.5000,115.3246,115.6306
29.5500,115.3157,115.6217
29.6000,115.3068,115.6128
29.6500,115.2980,115.6039
29.7000,115.2891,115.5950
29.7500,115.2802,115.5861
29.8000,115.2713,115.5771
29.8500,115.2624,115.5682
29.9000,115.2536,115.5593
29.9500,115.2447,115.5504
30.0000,115.2358,115.5415
30.0500,115.2269,115.5326
30.1000,115.2180,115.5237
30.1500,115.2092,115.5148
30.2000,115.2003,115.5059
30.2500,115.1914,115.4970
30.3000,115.1825,115.4881
30.3500,115.1737,115.4792
30.4000,115.1648,115.4703
30.4500,115.1559,115.4614
30.5000,115.1471,115.4525
30.5500,115.1382,115.4436
30.6000,115.1293,115.4347
30.6500,115.1204,115.4258
30.7000,115.1116,115.4169
30.7500,115.1027,115.4080
30.8000,115.0939,115.3991
30.8500,115.0850,115.3902
30.9000,115.0761,115.3813
30.9500,115.0673,115.3724
31.0000,115.0584,115.3635
31.0500,115.0495,115.3546
31.1000,115.0407,115.3457
31.1500,115.0318,115.3368
31.2000,115.0230,115.3280
31.2500,115.0141,115.3191
31.3000,115.0053,115.3102
31.3500,114.9964,115.3013
31.4000,114.9875,115.2924
31.4500,114.9787,115.2835
31.5000,114.9698,115.2746
31.5500,114.9610,115.2658
31.6000,114.9521,115.2569
31.6500,114.9433,115.2480
31.7000,114.9344,115.2391
31.7500,114.9256,115.2302
31.8000,114.9167,115.2214
31.8500,114.9079,115.2125
31.9000,114.8990,115.2036
31.9500,114.8902,115.1947
32.0000,114.8814,115.1859
32.0500,114.8725,115.1770
32.1000,114.8637,115.1681
32.1500,114.8548,115.1593
32.2000,114.8460,115.1504
32.2500,114.8372,115.1415
32.3000,114.8283,115.1326
32.3500,114.8195,115.1238
32.4000,114.8106,115.1149
32.4500,114.8018,115.1060
32.5000,114.7930,115.0972
32.5500,114.7841,115.0883
32.6000,114.7753,115.0794
32.6500,114.7665,115.0706
32.7000,114.7576,115.0617
32.7500,114.7488,115.0529
32.8000,114.7400,115.0440
32.8500,114.7311,115.0351
32.9000,114.7223,115.0263
32.9500,114.7135,115.0174
33.0000,114.7047,115.0086
33.0500,114.6958,114.9997
33.1000,114.6870,114.9909
33.1500,114.6782,114.9820
33.2000,114.6694,114.9732
33.2500,114.6605,114.9643
33.3000,114.6517,114.9555
33.3500,114.6429,114.9466
33.4000,114.6341,114.9378
33.4500,114.6253,114.9289
33.5000,114.6164,114.9201
33.5500,128.8108,115.5895
33.6000,148.4294,118.3860
33.6500,159.8695,121.0753
33.7000,168.6165,123.7034
33.7500,175.8419,126.2805
33.8000,182.0416,128.8110
33.8500,187.4822,131.2976
33.9000,192.3272,133.7419
33.9500,196.6856,136.1450
34.0000,200.6349,138.5078
34.0500,204.2324,140.8308
34.1000,207.5223,143.1144
34.1500,210.5395,145.3588
34.2000,213.3123,147.5642
34.2500,215.8643,149.7307
34.3000,218.2152,151.8585
34.3500,220.3822,153.9476
34.4000,222.3800,155.9980
34.4500,224.2216,158.0098
34.5000,225.9183,159.9831
34.5500,227.4805,161.9177
34.6000,228.9172,163.8139
34.6500,230.2366,165.6715
34.7000,231.4461,167.4907
34.7500,232.5523,169.2713
34.8000,233.5612,171.0135
34.8500,234.4783,172.7172
34.9000,235.3085,174.3825
34.9500,236.0562,176.0093
35.0000,236.7255,177.5977
35.0500,237.3201,179.1476
35.1000,237.8433,180.6591
35.1500,238.2982,182.1322
35.2000,238.6875,183.5669
35.2500,239.0137,184.9632
35.3000,239.2791,186.3211
35.3500,239.4857,187.6406
35.4000,239.6354,188.9217
35.4500,239.7300,190.1644
35.5000,239.7710,191.3687
35.5500,239.7598,192.5347
35.6000,239.6976,193.6623
35.6500,239.5857,194.7516
35.7000,239.4250,195.8025
35.7500,239.2167,196.8150
35.8000,238.9614,197.7892
35.8500,238.6601,198.7251
35.9000,238.3134,199.6226
35.9500,237.9220,200.4818
36.0000,237.4866,201.3026
36.0500,237.0075,202.0852
36.1000,236.4854,202.8294
36.1500,235.9207,203.5353
36.2000,235.3138,204.2029
36.2500,234.6651,204.8321
36.3000,233.9748,205.4231
36.3500,233.2434,205.9758
36.4000,232.4711,206.4902
36.4500,231.6581,206.9663
36.5000,230.8047,207.4041
36.5500,229.9110,207.8036
36.6000,228.9774,208.1648
36.6500,228.0039,208.4878
36.7000,226.9907,208.7725
36.7500,225.9380,209.0189
36.8000,224.8459,209.2271
36.8500,223.7145,209.3970
36.9000,222.5439,209.5286
36.9500,221.3342,209.6220
37.0000,220.0855,209.6772
37.0500,218.7980,209.6941
37.1000,217.5499,209.6767
37.1500,216.5998,209.6551
37.2000,215.8024,209.6345
37.2500,215.1092,209.6146
37.3000,214.4968,209.5952
37.3500,213.9505,209.5760
37.4000,213.4600,209.5570
37.4500,213.0178,209.5382
37.5000,212.6176,209.5195
37.5500,212.2546,209.5009
37.6000,211.9246,209.4823
37.6500,211.6241,209.4639
37.7000,211.3501,209.4454
37.7500,211.1000,209.4270
37.8000,210.8714,209.4086
37.8500,210.6622,209.3903
37.9000,210.4707,209.3720
37.9500,210.2950,209.3537
38.0000,210.1339,209.3354
38.0500,209.9858,209.3171
38.1000,209.8497,209.2988
38.1500,209.7243,209.2806
38.2000,209.6088,209.2624
38.2500,209.5022,209.2442
38.3000,209.4037,209.2259
38.3500,209.3125,209.2077
38.4000,209.2280,209.1896
38.4500,209.1496,209.1714
38.5000,209.0767,209.1532
38.5500,209.0088,209.1350
38.6000,208.9454,209.1169
38.6500,208.8862,209.0987
38.7000,208.8308,209.0806
38.7500,208.7788,209.0624
38.8000,208.7298,209.0443
38.8500,208.6837,209.0261
38.9000,208.6402,209.0080
38.9500,208.5990,208.9899
39.0000,208.5599,208.9718
39.0500,208.5227,208.9536
39.1000,208.4873,208.9355
39.1500,208.4535,208.9174
39.2000,208.4211,208.8993
39.2500,208.3900,208.8812
39.3000,208.3601,208.8631
39.3500,208.3313,208.8450
39.4000,208.3035,208.8269
39.4500,208.2766,208.8088
39.5000,208.2505,208.7907
39.5500,208.2251,208.7726
39.6000,208.2004,208.7545
39.6500,208.1764,208.7364
39.7000,208.1528,208.7184
39.7500,208.1298,208.7003
39.8000,208.1072,208.6822
39.8500,208.0851,208.6641
39.9000,208.0633,208.6461
39.9500,208.0419,208.6280
40.0000,208.0208,208.6099
40.0500,208.0000,208.5918
40.1000,207.9794,208.5738
40.1500,207.9591,208.5557
40.2000,207.9390,208.5377
40.2500,207.9191,208.5196
40.3000,207.8993,208.5015
40.3500,207.8797,208.4835
40.4000,207.8603,208.4654
40.4500,207.8410,208.4474
40.5000,207.8218,208.4293
40.5500,207.8028,208.4113
40.6000,207.7838,208.3932
40.6500,207.7649,208.3752
40.7000,207.7461,208.3571
40.7500,207.7274,208.3391
40.8000,207.7088,208.3211
40.8500,207.6902,208.3030
40.9000,207.6716,208.2850
40.9500,207.6532,208.2670
41.0000,207.6347,208.2489
41.0500,207.6164,208.2309
41.1000,207.5980,208.2129
41.1500,207.5797,208.1949
41.2000,207.5614,208.1768
41.2500,207.5432,208.1588
41.3000,207.5250,208.1408
41.3500,207.5068,208.1228
41.4000,207.4886,208.1047
41.4500,207.4705,208.0867
41.5000,207.4523,208.0687
41.5500,207.4342,208.0507
41.6000,207.4161,208.0327
41.6500,207.3981,208.0147
41.7000,207.3800,207.9967
41.7500,207.3619,207.9787
41.8000,207.3439,207.9607
41.8500,207.3259,207.9427
41.9000,207.3079,207.9247
41.9500,207.2898,207.9067
42.0000,207.2718,207.8887
42.0500,207.2538,207.8707
42.1000,207.2359,207.8527
42.1500,207.2179,207.8347
42.2000,207.1999,207.8167
42.2500,207.1819,207.7987
42.3000,207.1640,207.7808
42.3500,207.1460,207.7628
42.4000,207.1281,207.7448
42.4500,207.1101,207.7268
42.5000,207.0922,207.7088
42.5500,207.0742,207.6909
42.6000,207.0563,207.6729
42.6500,207.0384,207.6549
42.7000,207.0204,207.6369
42.7500,207.0025,207.6190
42.8000,206.9846,207.6010
42.8500,206.9667,207.5830
42.9000,206.9488,207.5651
42.9500,206.9309,207.5471
43.0000,206.9129,207.5292
43.0500,206.8950,207.5112
43.1000,206.8771,207.4932
43.1500,206.8592,207.4753
43.2000,206.8413,207.4573
43.2500,206.8234,207.4394
43.3000,206.8055,207.4214
43.3500,206.7877,207.4035
43.4000,206.7698,207.3855
43.4500,206.7519,207.3676
43.5000,206.7340,207.3496
43.5500,206.7161,207.3317
43.6000,206.6982,207.3138
43.6500,206.6803,207.2958
43.7000,206.6625,207.2779
43.7500,206.6446,207.2600
43.8000,206.6267,207.2420
43.8500,206.6088,207.2241
43.9000,206.5910,207.2062
43.9500,206.5731,207.1882
44.0000,206.5552,207.1703
44.0500,206.5374,207.1524
44.1000,206.5195,207.1345
44.1500,206.5017,207.1166
44.2000,206.4838,207.0986
44.2500,206.4659,207.0807
44.3000,206.4481,207.0628
44.3500,206.4302,207.0449
44.4000,206.4124,207.0270
44.4500,206.3945,207.0091
44.5000,206.3767,206.9912
44.5500,206.3588,206.9733
44.6000,206.3410,206.9554
44.6500,206.3232,206.9375
44.7000,206.3053,206.9196
44.7500,206.2875,206.9017
44.8000,206.2696,206.8838
44.8500,206.2518,206.8659
44.9000,206.2340,206.8480
44.9500,206.2162,206.8301
45.0000,206.1983,206.8122
45.0500,206.1805,206.7943
45.1000,206.1627,206.7764
45.1500,206.1448,206.7585
45.2000,206.1270,206.7407
45.2500,206.1092,206.7228
45.3000,206.0914,206.7049
45.3500,206.0736,206.6870
45.4000,206.0558,206.6691
45.4500,206.0379,206.6513
45.5000,206.0201,206.6334
45.5500,206.0023,206.6155
45.6000,205.9845,206.5977
45.6500,205.9667,206.5798
45.7000,205.9489,206.5619
45.7500,205.9311,206.5441
45.8000,205.9133,206.5262
45.8500,205.8955,206.5083
45.9000,205.8777,206.4905
45.9500,205.8599,206.4726
46.0000,205.8421,206.4548
46.0500,205.8243,206.4369
46.1000,205.8065,206.4191
46.1500,205.7887,206.4012
46.2000,205.7709,206.3834
46.2500,205.7532,206.3655
46.3000,205.7354,206.3477
46.3500,205.7176,206.3299
46.4000,205.6998,206.3120
46.4500,205.6820,206.2942
46.5000,205.6643,206.2763
46.5500,205.6465,206.2585
46.6000,205.6287,206.2407
46.6500,205.6109,206.2228
46.7000,205.5932,206.2050
46.7500,205.5754,206.1872
46.8000,205.5576,206.1694
46.8500,205.5399,206.1515
46.9000,205.5221,206.1337
46.9500,205.5044,206.1159
47.0000,205.4866,206.0981
47.0500,205.4688,206.0802
47.1000,205.4511,206.0624
47.1500,205.4333,206.0446
47.2000,205.4156,206.0268
47.2500,205.3978,206.0090
47.3000,205.3801,205.9912
47.3500,205.3623,205.9734
47.4000,205.3446,205.9556
47.4500,205.3268,205.9378
47.5000,205.3091,205.9200
47.5500,205.2914,205.9022
47.6000,205.2736,205.8844
47.6500,205.2559,205.8666
47.7000,205.2382,205.8488
47.7500,205.2204,205.8310
47.8000,205.2027,205.8132
47.8500,205.1850,205.7954
47.9000,205.1672,205.7776
47.9500,205.1495,205.7598
48.0000,205.1318,205.7421
48.0500,205.1141,205.7243
48.1000,205.0963,205.7065
48.1500,205.0786,205.6887
48.2000,205.0609,205.6709
48.2500,205.0432,205.6532
48.3000,205.0255,205.6354
48.3500,205.0078,205.6176
48.4000,204.9901,205.5998
48.4500,204.9723,205.5821
48.5000,204.9546,205.5643
48.5500,204.9369,205.5465
48.6000,204.9192,205.5288
48.6500,204.9015,205.5110
48.7000,204.8838,205.4933
48.7500,204.8661,205.4755
48.8000,204.8484,205.4577
48.8500,204.8307,205.4400
48.9000,204.8130,205.4222
48.9500,204.7954,205.4045
49.0000,204.7777,205.3867
49.0500,204.7600,205.3690
49.1000,204.7423,205.3512
49.1500,204.7246,205.3335
49.2000,204.7069,205.3158
49.2500,204.6892,205.2980
49.3000,204.6716,205.2803
49.3500,204.6539,205.2625
49.4000,204.6362,205.2448
49.4500,204.6185,205.2271
49.5000,204.6009,205.2093
49.5500,204.5832,205.1916
49.6000,204.5655,205.1739
49.6500,204.5479,205.1562
49.7000,204.5302,205.1384
49.7500,204.5125,205.1207
49.8000,204.4949,205.1030
49.8500,204.4772,205.0853
49.9000,204.4596,205.0675
49.9500,204.4419,205.0498
50.0000,204.4242,205.0321
50.0500,204.4066,205.0144
50.1000,204.3889,204.9967
50.1500,204.3713,204.9790
50.2000,204.3536,204.9613
50.2500,204.3360,204.9436
50.3000,204.3184,204.9259
50.3500,204.3007,204.9082
50.4000,204.2831,204.8905
50.4500,204.2654,204.8728
50.5000,204.2478,204.8551
50.5500,204.2302,204.8374
50.6000,204.2125,204.8197
50.6500,204.1949,204.8020
50.7000,204.1773,204.7843
50.7500,204.1596,204.7666
50.8000,204.1420,204.7489
50.8500,204.1244,204.7312
50.9000,204.1068,204.7136
50.9500,204.0891,204.6959
51.0000,204.0715,204.6782
51.0500,204.0539,204.6605
51.1000,204.0363,204.6428
51.1500,204.0187,204.6252
51.2000,204.0011,204.6075
51.2500,203.9835,204.5898
51.3000,203.9658,204.5722
51.3500,203.9482,204.5545
51.4000,203.9306,204.5368
51.4500,203.9130,204.5192
51.5000,203.8954,204.5015
51.5500,203.8778,204.4838
51.6000,203.8602,204.4662
51.6500,203.8426,204.4485
51.7000,203.8250,204.4309
51.7500,203.8074,204.4132
51.8000,203.7898,204.3956
51.8500,203.7723,204.3779
51.9000,203.7547,204.3603
51.9500,203.7371,204.3426
52.0000,203.7195,204.3250
52.0500,203.7019,204.3073
52.1000,203.6843,204.2897
52.1500,203.6667,204.2721
52.2000,203.6492,204.2544
52.2500,203.6316,204.2368
52.3000,203.6140,204.2191
52.3500,203.5964,204.2015
52.4000,203.5789,204.1839
52.4500,203.5613,204.1663
52.5000,203.5437,204.1486
52.5500,203.5262,204.1310
52.6000,203.5086,204.1134
52.6500,203.4910,204.0958
52.7000,203.4735,204.0781
52.7500,203.4559,204.0605
52.8000,203.4384,204.0429
52.8500,203.4208,204.0253
52.9000,203.4033,204.0077
52.9500,203.3857,203.9901
53.0000,203.3682,203.9724
53.0500,203.3506,203.9548
53.1000,203.3331,203.9372
53.1500,203.3155,203.9196
53.2000,203.2980,203.9020
53.2500,203.2804,203.8844
53.3000,203.2629,203.8668
53.3500,203.2453,203.8492
53.4000,203.2278,203.8316
53.4500,203.2103,203.8140
53.5000,203.1927,203.7964
53.5500,203.1752,203.7789
53.6000,203.1577,203.7613
53.6500,203.1402,203.7437
53.7000,203.1226,203.7261
53.7500,203.1051,203.7085
53.8000,203.0876,203.6909
53.8500,203.0701,203.6733
53.9000,203.0525,203.6558
53.9500,203.0350,203.6382
54.0000,203.0175,203.6206
54.0500,203.0000,203.6030
54.1000,202.9825,203.5855
54.1500,202.9650,203.5679
54.2000,202.9475,203.5503
54.2500,202.9300,203.5328
54.3000,202.9124,203.5152
54.3500,202.8949,203.4976
54.4000,202.8774,203.4801
54.4500,202.8599,203.4625
54.5000,202.8424,203.4450
54.5500,202.8249,203.4274
54.6000,202.8074,203.4098
54.6500,202.7900,203.3923
54.7000,202.7725,203.3747
54.7500,202.7550,203.3572
54.8000,202.7375,203.3396
54.8500,202.7200,203.3221
54.9000,202.7025,203.3046
54.9500,202.6850,203.2870
55.0000,202.6675,203.2695
55.0500,202.6501,203.2519
55.1000,202.6326,203.2344
55.1500,202.6151,203.2169
55.2000,202.5976,203.1993
55.2500,202.5802,203.1818
55.3000,202.5627,203.1643
55.3500,202.5452,203.1467
55.4000,202.5278,203.1292
55.4500,202.5103,203.1117
55.5000,202.4928,203.0942
55.5500,202.4754,203.0766
55.6000,202.4579,203.0591
55.6500,202.4404,203.0416
55.7000,202.4230,203.0241
55.7500,202.4055,203.0066
55.8000,202.3881,202.9890
55.8500,202.3706,202.9715
55.9000,202.3532,202.9540
55.9500,202.3357,202.9365
56.0000,202.3183,202.9190
56.0500,202.3008,202.9015
56.1000,202.2834,202.8840
56.1500,202.2659,202.8665
56.2000,202.2485,202.8490
56.2500,202.2311,202.8315
56.3000,202.2136,202.8140
56.3500,202.1962,202.7965
56.4000,202.1788,202.7790
56.4500,202.1613,202.7615
56.5000,202.1439,202.7440
56.5500,202.1265,202.7266
56.6000,202.1090,202.7091
56.6500,202.0916,202.6916
56.7000,202.0742,202.6741
56.7500,202.0568,202.6566
56.8000,202.0394,202.6391
56.8500,202.0219,202.6217
56.9000,202.0045,202.6042
56.9500,201.9871,202.5867
57.0000,201.9697,202.5692
57.0500,201.9523,202.5518
57.1000,201.9349,202.5343
57.1500,201.9175,202.5168
57.2000,201.9001,202.4994
57.2500,201.8827,202.4819
57.3000,201.8653,202.4645
57.3500,201.8478,202.4470
57.4000,201.8305,202.4295
57.4500,201.8131,202.4121
57.5000,201.7957,202.3946
57.5500,201.7783,202.3772
57.6000,201.7609,202.3597
57.6500,201.7435,202.3423
57.7000,201.7261,202.3248
57.7500,201.7087,202.3074
57.8000,201.6913,202.2899
57.8500,201.6739,202.2725
57.9000,201.6566,202.2550
57.9500,201.6392,202.2376
58.0000,201.6218,202.2202
58.0500,201.6044,202.2027
58.1000,201.5870,202.1853
58.1500,201.5697,202.1679
58.2000,201.5523,202.1504
58.2500,201.5349,202.1330
58.3000,201.5176,202.1156
58.3500,201.5002,202.0982
58.4000,201.4828,202.0807
58.4500,201.4655,202.0633
58.5000,201.4481,202.0459
58.5500,201.4307,202.0285
58.6000,201.4134,202.0111
58.6500,201.3960,201.9936
58.7000,201.3787,201.9762
58.7500,201.3613,201.9588
58.8000,201.3440,201.9414
58.8500,201.3266,201.9240
58.9000,201.3093,201.9066
58.9500,201.2919,201.8892
59.0000,201.2746,201.8718
59.0500,201.2572,201.8544
59.1000,201.2399,201.8370
59.1500,201.2226,201.8196
59.2000,201.2052,201.8022
59.2500,201.1879,201.7848
59.3000,201.1705,201.7674
59.3500,201.1532,201.7500
59.4000,201.1359,201.7326
59.4500,201.1186,201.7152
59.5000,201.1012,201.6978
59.5500,201.0839,201.6805
59.6000,201.0666,201.6631
59.6500,201.0493,201.6457
59.7000,201.0319,201.6283
59.7500,201.0146,201.6109
59.8000,200.9973,201.5936
59.8500,200.9800,201.5762
59.9000,200.9627,201.5588
59.9500,200.9454,201.5414
60.0000,200.9280,201.5241
60.0500,200.9107,201.5067
60.1000,200.8934,201.4893
60.1500,200.8761,201.4720
60.2000,200.8588,201.4546
60.2500,200.8415,201.4373
60.3000,200.8242,201.4199
60.3500,200.8069,201.4025
60.4000,200.7896,201.3852
60.4500,200.7723,201.3678
60.5000,200.7550,201.3505
60.5500,200.7377,201.3331
60.6000,200.7205,201.3158
60.6500,200.7032,201.2984
60.7000,200.6859,201.2811
60.7500,200.6686,201.2637
60.8000,200.6513,201.2464
60.8500,200.6340,201.2291
60.9000,200.6167,201.2117
60.9500,200.5995,201.1944
61.0000,200.5822,201.1770
61.0500,200.5649,201.1597
61.1000,200.5476,201.1424
61.1500,200.5304,201.1251
61.2000,200.5131,201.1077
61.2500,200.4958,201.0904
61.3000,200.4786,201.0731
61.3500,200.4613,201.0558
61.4000,200.4440,201.0384
61.4500,200.4268,201.0211
61.5000,200.4095,201.0038
61.5500,200.3923,200.9865
61.6000,200.3750,200.9692
61.6500,200.3578,200.9519
61.7000,200.3405,200.9345
61.7500,200.3233,200.9172
61.8000,200.3060,200.8999
61.8500,200.2888,200.8826
61.9000,200.2715,200.8653
61.9500,200.2543,200.8480
62.0000,200.2370,200.8307
62.0500,200.2198,200.8134
62.1000,200.2025,200.7961
62.1500,200.1853,200.7788
62.2000,200.1681,200.7615
62.2500,200.1508,200.7442
62.3000,200.1336,200.7269
62.3500,200.1164,200.7096
62.4000,200.0991,200.6924
62.4500,200.0819,200.6751
62.5000,200.0647,200.6578
62.5500,200.0475,200.6405
62.6000,200.0302,200.6232
62.6500,200.0130,200.6060
62.7000,199.9958,200.5887
62.7500,199.9786,200.5714
62.8000,199.9614,200.5541
62.8500,199.9442,200.5369
62.9000,199.9269,200.5196
62.9500,199.9097,200.5023
63.0000,199.8925,200.4850
63.0500,199.8753,200.4678
63.1000,199.8581,200.4505
63.1500,199.8409,200.4333
63.2000,199.8237,200.4160
63.2500,199.8065,200.3987
63.3000,199.7893,200.3815
63.3500,199.7721,200.3642
63.4000,199.7549,200.3470
63.4500,199.7377,200.3297
63.5000,199.7205,200.3125
63.5500,199.7033,200.2952
63.6000,199.6862,200.2780
63.6500,199.6690,200.2607
63.7000,199.6518,200.2435
63.7500,199.6346,200.2262
63.8000,199.6174,200.2090
63.8500,199.6002,200.1918
63.9000,199.5831,200.1745
63.9500,199.5659,200.1573
64.0000,199.5487,200.1401
64.0500,199.5315,200.1228
64.1000,199.5144,200.1056
64.1500,199.4972,200.0884
64.2000,199.4800,200.0712
64.2500,199.4629,200.0539
64.3000,199.4457,200.0367
64.3500,199.4285,200.0195
64.4000,199.4114,200.0023
64.4500,199.3942,199.9850
64.5000,199.3771,199.9678
64.5500,199.3599,199.9506
64.6000,199.3427,199.9334
64.6500,199.3256,199.9162
64.7000,199.3084,199.8990
64.7500,199.2913,199.8818
64.8000,199.2741,199.8646
64.8500,199.2570,199.8474
64.9000,199.2399,199.8302
64.9500,199.2227,199.8130
65.0000,199.2056,199.7958
65.0500,199.1884,199.7786
65.1000,199.1713,199.7614
65.1500,199.1542,199.7442
65.2000,199.1370,199.7270
65.2500,199.1199,199.7098
65.3000,199.1028,199.6926
65.3500,199.0856,199.6754
65.4000,199.0685,199.6582
65.4500,199.0514,199.6411
65.5000,199.0343,199.6239
65.5500,199.0171,199.6067
65.6000,199.0000,199.5895
65.6500,198.9829,199.5723
65.7000,198.9658,199.5552
65.7500,198.9487,199.5380
65.8000,198.9315,199.5208
65.8500,198.9144,199.5036
65.9000,198.8973,199.4865
65.9500,198.8802,199.4693
66.0000,198.8631,199.4521
66.0500,198.8460,199.4350
66.1000,198.8289,199.4178
66.1500,198.8118,199.4007
66.2000,198.7947,199.3835
66.2500,198.7776,199.3663
66.3000,198.7605,199.3492
66.3500,198.7434,199.3320
66.4000,198.7263,199.3149
66.4500,198.7092,199.2977
66.5000,198.6921,199.2806
66.5500,198.6750,199.2634
66.6000,198.6580,199.2463
66.6500,198.6409,199.2291
66.7000,198.6238,199.2120
66.7500,198.6067,199.1949
66.8000,198.5896,199.1777
66.8500,198.5725,199.1606
66.9000,198.5555,199.1435
66.9500,198.5384,199.1263
67.0000,198.5213,199.1092
67.0500,198.5042,199.0921
67.1000,218.5581,200.3602
67.1500,235.0450,203.1141
67.2000,245.7371,205.7807
67.2500,254.0944,208.3893
67.3000,261.0657,210.9480
67.3500,267.0801,213.4608
67.4000,272.3761,215.9301
67.4500,277.1028,218.3574
67.5000,281.3614,220.7437
67.5500,285.2243,223.0898
67.6000,288.7457,225.3962
67.6500,291.9674,227.6633
67.7000,294.9228,229.8912
67.7500,297.6391,232.0801
67.8000,300.1391,234.2302
67.8500,302.4418,236.3415
67.9000,304.5638,238.4142
67.9500,306.5195,240.4482
68.0000,308.3215,242.4437
68.0500,309.9809,244.4005
68.1000,311.5077,246.3188
68.1500,312.9109,248.1986
68.2000,314.1984,250.0399
68.2500,315.3774,251.8426
68.3000,316.4544,253.6069
68.3500,317.4353,255.3328
68.4000,318.3255,257.0201
68.4500,319.1297,258.6690
68.5000,319.8524,260.2795
68.5500,320.4975,261.8515
68.6000,321.0686,263.3851
68.6500,321.5690,264.8802
68.7000,322.0016,266.3370
68.7500,322.3692,267.7553
68.8000,322.6742,269.1353
68.8500,322.9188,270.4768
68.9000,323.1051,271.7800
68.9500,323.2349,273.0448
69.0000,323.3099,274.2712
69.0500,323.3315,275.4592
69.1000,323.3012,276.6088
69.1500,323.2203,277.7201
69.2000,323.0898,278.7930
69.2500,322.9108,279.8276
69.3000,322.6843,280.8238
69.3500,322.4111,281.7817
69.4000,322.0919,282.7012
69.4500,321.7276,283.5824
69.5000,321.3187,284.4253
69.5500,320.8658,285.2299
69.6000,320.3694,285.9961
69.6500,319.8301,286.7240
69.7000,319.2483,287.4136
69.7500,318.6243,288.0649
69.8000,317.9586,288.6778
69.8500,317.2514,289.2525
69.9000,316.5032,289.7889
69.9500,315.7141,290.2870
70.0000,314.8843,290.7468
70.0500,314.0142,291.1683
70.1000,313.1040,291.5515
70.1500,312.1537,291.8965
70.2000,311.1636,292.2031
70.2500,310.1339,292.4715
70.3000,309.0647,292.7017
70.3500,307.9561,292.8936
70.4000,306.8082,293.0472
70.4500,305.6212,293.1626
70.5000,304.3951,293.2397
70.5500,303.1300,293.2785
70.6000,301.8261,293.2792
70.6500,300.6284,293.2502
70.7000,299.7093,293.2207
70.7500,298.9284,293.1921
70.8000,298.2455,293.1640
70.8500,297.6399,293.1364
70.9000,297.0979,293.1090
70.9500,296.6100,293.0819
71.0000,296.1688,293.0549
71.0500,295.7687,293.0280
71.1000,295.4047,293.0012
71.1500,295.0731,292.9744
71.2000,294.7702,292.9477
71.2500,294.4933,292.9211
71.3000,294.2397,292.8945
71.3500,294.0071,292.8679
71.4000,293.7936,292.8414
71.4500,293.5974,292.8148
71.5000,293.4167,292.7883
71.5500,293.2503,292.7618
71.6000,293.0966,292.7353
71.6500,292.9547,292.7089
71.7000,292.8233,292.6824
71.7500,292.7015,292.6560
71.8000,292.5885,292.6296
71.8500,292.4834,292.6032
71.9000,292.3855,292.5768
71.9500,292.2942,292.5504
72.0000,292.2088,292.5240
72.0500,292.1288,292.4976
72.1000,292.0537,292.4713
72.1500,291.9831,292.4449
72.2000,291.9166,292.4185
72.2500,291.8537,292.3922
72.3000,291.7942,292.3659
72.3500,291.7377,292.3395
72.4000,291.6840,292.3132
72.4500,291.6328,292.2869
72.5000,291.5839,292.2605
72.5500,291.5370,292.2342
72.6000,291.4921,292.2079
72.6500,291.4489,292.1816
72.7000,291.4072,292.1553
72.7500,291.3669,292.1290
72.8000,291.3279,292.1027
72.8500,291.2901,292.0764
72.9000,291.2534,292.0501
72.9500,291.2176,292.0239
73.0000,291.1827,291.9976
73.0500,291.1486,291.9713
73.1000,291.1152,291.9450
73.1500,291.0825,291.9188
73.2000,291.0504,291.8925
73.2500,291.0188,291.8662
73.3000,290.9878,291.8400
73.3500,290.9571,291.8137
73.4000,290.9269,291.7874
73.4500,290.8971,291.7612
73.5000,290.8676,291.7349
73.5500,290.8384,291.7087
73.6000,290.8095,291.6825
73.6500,290.7808,291.6562
73.7000,290.7524,291.6300
73.7500,290.7242,291.6037
73.8000,290.6962,291.5775
73.8500,290.6683,291.5513
73.9000,290.6406,291.5251
73.9500,290.6131,291.4988
74.0000,290.5856,291.4726
74.0500,290.5584,291.4464
74.1000,290.5312,291.4202
74.1500,290.5041,291.3940
74.2000,290.4771,291.3678
74.2500,290.4502,291.3416
74.3000,290.4233,291.3153
74.3500,290.3966,291.2891
74.4000,290.3699,291.2629
74.4500,290.3432,291.2367
74.5000,290.3166,291.2106
74.5500,290.2901,291.1844
74.6000,290.2635,291.1582
74.6500,290.2371,291.1320
74.7000,290.2106,291.1058
74.7500,290.1843,291.0796
74.8000,290.1579,291.0534
74.8500,290.1315,291.0273
74.9000,290.1052,291.0011
74.9500,290.0789,290.9749
75.0000,290.0527,290.9488
75.0500,290.0264,290.9226
75.1000,290.0002,290.8964
75.1500,289.9740,290.8703
75.2000,289.9478,290.8441
75.2500,289.9216,290.8180
75.3000,289.8954,290.7918
75.3500,289.8693,290.7656
75.4000,289.8431,290.7395
75.4500,289.8170,290.7134
75.5000,289.7909,290.6872
75.5500,289.7647,290.6611
75.6000,289.7386,290.6349
75.6500,289.7125,290.6088
75.7000,289.6864,290.5827
75.7500,289.6603,290.5565
75.8000,289.6343,290.5304
75.8500,289.6082,290.5043
75.9000,289.5821,290.4782
75.9500,289.5561,290.4520
76.0000,289.5300,290.4259
76.0500,289.5040,290.3998
76.1000,289.4779,290.3737
76.1500,289.4519,290.3476
76.2000,289.4258,290.3215
76.2500,289.3998,290.2954
76.3000,289.3738,290.2693
76.3500,289.3477,290.2432
76.4000,289.3217,290.2171
76.4500,289.2957,290.1910
76.5000,289.2697,290.1649
76.5500,289.2437,290.1388
76.6000,289.2177,290.1127
76.6500,289.1917,290.0867
76.7000,289.1657,290.0606
76.7500,289.1397,290.0345
76.8000,289.1137,290.0084
76.8500,289.0877,289.9823
76.9000,289.0617,289.9563
76.9500,289.0357,289.9302
77.0000,289.0097,289.9041
77.0500,288.9838,289.8781
77.1000,288.9578,289.8520
77.1500,288.9318,289.8260
77.2000,288.9058,289.7999
77.2500,288.8799,289.7739
77.3000,288.8539,289.7478
77.3500,288.8280,289.7218
77.4000,288.8020,289.6957
77.4500,288.7760,289.6697
77.5000,288.7501,289.6436
77.5500,288.7241,289.6176
77.6000,288.6982,289.5916
77.6500,288.6722,289.5655
77.7000,288.6463,289.5395
77.7500,288.6204,289.5135
77.8000,288.5944,289.4874
77.8500,288.5685,289.4614
77.9000,288.5426,289.4354
77.9500,288.5166,289.4094
78.0000,288.4907,289.3834
78.0500,288.4648,289.3574
78.1000,288.4389,289.3314
78.1500,288.4129,289.3053
78.2000,288.3870,289.2793
78.2500,288.3611,289.2533
78.3000,288.3352,289.2273
78.3500,288.3093,289.2013
78.4000,288.2834,289.1754
78.4500,288.2575,289.1494
78.5000,288.2316,289.1234
78.5500,288.2057,289.0974
78.6000,288.1798,289.0714
78.6500,288.1539,289.0454
78.7000,288.1280,289.0194
78.7500,288.1021,288.9935
78.8000,288.0762,288.9675
78.8500,288.0503,288.9415
78.9000,288.0245,288.9156
78.9500,287.9986,288.8896
79.0000,287.9727,288.8636
79.0500,287.9468,288.8377
79.1000,287.9210,288.8117
79.1500,287.8951,288.7858
79.2000,287.8692,288.7598
79.2500,287.8434,288.7339
79.3000,287.8175,288.7079
79.3500,287.7917,288.6820
79.4000,287.7658,288.6560
79.4500,287.7399,288.6301
79.5000,287.7141,288.6041
79.5500,287.6882,288.5782
79.6000,287.6624,288.5523
79.6500,287.6366,288.5263
79.7000,287.6107,288.5004
79.7500,287.5849,288.4745
79.8000,287.5590,288.4486
79.8500,287.5332,288.4227
79.9000,287.5074,288.3967
79.9500,287.4816,288.3708
80.0000,287.4557,288.3449
80.0500,287.4299,288.3190
80.1000,287.4041,288.2931
80.1500,287.3783,288.2672
80.2000,287.3525,288.2413
80.2500,287.3267,288.2154
80.3000,287.3008,288.1895
80.3500,287.2750,288.1636
80.4000,287.2492,288.1377
80.4500,287.2234,288.1118
80.5000,287.1976,288.0859
80.5500,287.1718,288.0600
80.6000,287.1460,288.0342
80.6500,287.1203,288.0083
80.7000,287.0945,287.9824
80.7500,287.0687,287.9565
80.8000,287.0429,287.9307
80.8500,287.0171,287.9048
80.9000,286.9913,287.8789
80.9500,286.9656,287.8531
81.0000,286.9398,287.8272
81.0500,286.9140,287.8014
81.1000,286.8882,287.7755
81.1500,286.8625,287.7496
81.2000,286.8367,287.7238
81.2500,286.8110,287.6979
81.3000,286.7852,287.6721
81.3500,286.7594,287.6463
81.4000,286.7337,287.6204
81.4500,286.7079,287.5946
81.5000,286.6822,287.5687
81.5500,286.6564,287.5429
81.6000,286.6307,287.5171
81.6500,286.6050,287.4912
81.7000,286.5792,287.4654
81.7500,286.5535,287.4396
81.8000,286.5278,287.4138
81.8500,286.5020,287.3880
81.9000,286.4763,287.3621
81.9500,286.4506,287.3363
82.0000,286.4248,287.3105
82.0500,286.3991,287.2847
82.1000,286.3734,287.2589
82.1500,286.3477,287.2331
82.2000,286.3220,287.2073
82.2500,286.2963,287.1815
82.3000,286.2706,287.1557
82.3500,286.2449,287.1299
82.4000,286.2192,287.1041
82.4500,286.1935,287.0783
82.5000,286.1678,287.0526
82.5500,286.1421,287.0268
82.6000,286.1164,287.0010
82.6500,286.0907,286.9752
82.7000,286.0650,286.9495
82.7500,286.0393,286.9237
82.8000,286.0136,286.8979
82.8500,285.9879,286.8721
82.9000,285.9623,286.8464
82.9500,285.9366,286.8206
83.0000,285.9109,286.7949
83.0500,285.8852,286.7691
83.1000,285.8596,286.7433
83.1500,285.8339,286.7176
83.2000,285.8083,286.6918
83.2500,285.7826,286.6661
83.3000,285.7569,286.6404
83.3500,285.7313,286.6146
83.4000,285.7056,286.5889
83.4500,285.6800,286.5631
83.5000,285.6543,286.5374
83.5500,285.6287,286.5117
83.6000,285.6030,286.4859
83.6500,285.5774,286.4602
83.7000,285.5518,286.4345
83.7500,285.5261,286.4088
83.8000,285.5005,286.3831
83.8500,285.4749,286.3573
83.9000,285.4492,286.3316
83.9500,285.4236,286.3059
84.0000,285.3980,286.2802
84.0500,285.3724,286.2545
84.1000,285.3468,286.2288
84.1500,285.3212,286.2031
84.2000,285.2955,286.1774
84.2500,285.2699,286.1517
84.3000,285.2443,286.1260
84.3500,285.2187,286.1003
84.4000,285.1931,286.0746
84.4500,285.1675,286.0489
84.5000,285.1419,286.0233
84.5500,285.1163,285.9976
84.6000,285.0907,285.9719
84.6500,285.0651,285.9462
84.7000,285.0396,285.9205
84.7500,285.0140,285.8949
84.8000,284.9884,285.8692
84.8500,284.9628,285.8435
84.9000,284.9372,285.8179
84.9500,284.9117,285.7922
85.0000,284.8861,285.7666
85.0500,284.8605,285.7409
85.1000,284.8350,285.7153
85.1500,284.8094,285.6896
85.2000,284.7838,285.6640
85.2500,284.7583,285.6383
85.3000,284.7327,285.6127
85.3500,284.7072,285.5870
85.4000,284.6816,285.5614
85.4500,284.6561,285.5358
85.5000,284.6305,285.5101
85.5500,284.6050,285.4845
85.6000,284.5794,285.4589
85.6500,284.5539,285.4332
85.7000,284.5284,285.4076
85.7500,284.5028,285.3820
85.8000,284.4773,285.3564
85.8500,284.4518,285.3308
85.9000,284.4262,285.3051
85.9500,284.4007,285.2795
86.0000,284.3752,285.2539
86.0500,284.3497,285.2283
86.1000,284.3242,285.2027
86.1500,284.2986,285.1771
86.2000,284.2731,285.1515
86.2500,284.2476,285.1259
86.3000,284.2221,285.1003
86.3500,284.1966,285.0747
86.4000,284.1711,285.0492
86.4500,284.1456,285.0236
86.5000,284.1201,284.9980
86.5500,284.0946,284.9724
86.6000,284.0691,284.9468
86.6500,284.0436,284.9213
86.7000,284.0182,284.8957
86.7500,283.9927,284.8701
86.8000,283.9672,284.8445
86.8500,283.9417,284.8190
86.9000,283.9162,284.7934
86.9500,283.8908,284.7679
87.0000,283.8653,284.7423
87.0500,283.8398,284.7167
87.1000,283.8144,284.6912
87.1500,283.7889,284.6656
87.2000,283.7634,284.6401
87.2500,283.7380,284.6146
87.3000,283.7125,284.5890
87.3500,283.6871,284.5635
87.4000,283.6616,284.5379
87.4500,283.6362,284.5124
87.5000,283.6107,284.4869
87.5500,283.5853,284.4613
87.6000,283.5598,284.4358
87.6500,283.5344,284.4103
87.7000,283.5090,284.3848
87.7500,283.4835,284.3592
87.8000,283.4581,284.3337
87.8500,283.4327,284.3082
87.9000,283.4072,284.2827
87.9500,283.3818,284.2572
88.0000,283.3564,284.2317
88.0500,283.3310,284.2062
88.1000,283.3056,284.1807
88.1500,283.2802,284.1552
88.2000,283.2547,284.1297
88.2500,283.2293,284.1042
88.3000,283.2039,284.0787
88.3500,283.1785,284.0532
88.4000,283.1531,284.0277
88.4500,283.1277,284.0022
88.5000,283.1023,283.9768
88.5500,283.0769,283.9513
88.6000,283.0515,283.9258
88.6500,283.0262,283.9003
88.7000,283.0008,283.8748
88.7500,282.9754,283.8494
88.8000,282.9500,283.8239
88.8500,282.9246,283.7984
88.9000,282.8992,283.7730
88.9500,282.8739,283.7475
89.0000,282.8485,283.7221
89.0500,282.8231,283.6966
89.1000,282.7978,283.6712
89.1500,282.7724,283.6457
89.2000,282.7470,283.6203
89.2500,282.7217,283.5948
89.3000,282.6963,283.5694
89.3500,282.6710,283.5439
89.4000,282.6456,283.5185
89.4500,282.6203,283.4931
89.5000,282.5949,283.4676
89.5500,282.5696,283.4422
89.6000,282.5442,283.4168
89.6500,282.5189,283.3914
89.7000,282.4936,283.3659
89.7500,282.4682,283.3405
89.8000,282.4429,283.3151
89.8500,282.4176,283.2897
89.9000,282.3923,283.2643
89.9500,282.3669,283.2389
90.0000,282.3416,283.2135
90.0500,282.3163,283.1881
90.1000,282.2910,283.1627
90.1500,282.2657,283.1373
90.2000,282.2403,283.1119
90.2500,282.2150,283.0865
90.3000,282.1897,283.0611
90.3500,282.1644,283.0357
90.4000,282.1391,283.0103
90.4500,282.1138,282.9849
90.5000,282.0885,282.9595
90.5500,282.0632,282.9341
90.6000,282.0379,282.9088
90.6500,282.0127,282.8834
90.7000,281.9874,282.8580
90.7500,281.9621,282.8327
90.8000,281.9368,282.8073
90.8500,281.9115,282.7819
90.9000,281.8863,282.7566
90.9500,281.8610,282.7312
91.0000,281.8357,282.7058
91.0500,281.8104,282.6805
91.1000,281.7852,282.6551
91.1500,281.7599,282.6298
91.2000,281.7346,282.6044
91.2500,281.7094,282.5791
91.3000,281.6841,282.5538
91.3500,281.6589,282.5284
91.4000,281.6336,282.5031
91.4500,281.6084,282.4777
91.5000,281.5831,282.4524
91.5500,281.5579,282.4271
91.6000,281.5326,282.4018
91.6500,281.5074,282.3764
91.7000,281.4822,282.3511
91.7500,281.4569,282.3258
91.8000,281.4317,282.3005
91.8500,281.4065,282.2752
91.9000,281.3813,282.2498
91.9500,281.3560,282.2245
92.0000,281.3308,282.1992
92.0500,281.3056,282.1739
92.1000,281.2804,282.1486
92.1500,281.2552,282.1233
92.2000,281.2299,282.0980
92.2500,281.2047,282.0727
92.3000,281.1795,282.0474
92.3500,281.1543,282.0221
92.4000,281.1291,281.9969
92.4500,281.1039,281.9716
92.5000,281.0787,281.9463
92.5500,281.0535,281.9210
92.6000,281.0283,281.8957
92.6500,281.0031,281.8705
92.7000,280.9780,281.8452
92.7500,280.9528,281.8199
92.8000,280.9276,281.7947
92.8500,280.9024,281.7694
92.9000,280.8772,281.7441
92.9500,280.8521,281.7189
93.0000,280.8269,281.6936
93.0500,280.8017,281.6684
93.1000,280.7766,281.6431
93.1500,280.7514,281.6179
93.2000,280.7262,281.5926
93.2500,280.7011,281.5674
93.3000,280.6759,281.5421
93.3500,280.6508,281.5169
93.4000,280.6256,281.4916
93.4500,280.6005,281.4664
93.5000,280.5753,281.4412
93.5500,280.5502,281.4159
93.6000,280.5250,281.3907
93.6500,280.4999,281.3655
93.7000,280.4747,281.3403
93.7500,280.4496,281.3150
93.8000,280.4245,281.2898
93.8500,280.3993,281.2646
93.9000,280.3742,281.2394
93.9500,280.3491,281.2142
94.0000,280.3240,281.1890
94.0500,280.2989,281.1638
94.1000,280.2737,281.1386
94.1500,280.2486,281.1134
94.2000,280.2235,281.0882
94.2500,280.1984,281.0630
94.3000,280.1733,281.0378
94.3500,280.1482,281.0126
94.4000,280.1231,280.9874
94.4500,280.0980,280.9622
94.5000,280.0729,280.9370
94.5500,280.0478,280.9119
94.6000,280.0227,280.8867
94.6500,279.9976,280.8615
94.7000,279.9725,280.8363
94.7500,279.9474,280.8112
94.8000,279.9223,280.7860
94.8500,279.8973,280.7608
94.9000,279.8722,280.7357
94.9500,279.8471,280.7105
95.0000,279.8220,280.6853
95.0500,279.7970,280.6602
95.1000,279.7719,280.6350
95.1500,279.7468,280.6099
95.2000,279.7218,280.5847
95.2500,279.6967,280.5596
95.3000,279.6716,280.5345
95.3500,279.6466,280.5093
95.4000,279.6215,280.4842
95.4500,279.5965,280.4590
95.5000,279.5714,280.4339
95.5500,279.5464,280.4088
95.6000,279.5214,280.3836
95.6500,279.4963,280.3585
95.7000,279.4713,280.3334
95.7500,279.4462,280.3083
95.8000,279.4212,280.2832
95.8500,279.3962,280.2580
95.9000,279.3711,280.2329
95.9500,279.3461,280.2078
96.0000,279.3211,280.1827
96.0500,279.2961,280.1576
96.1000,279.2711,280.1325
96.1500,279.2460,280.1074
96.2000,279.2210,280.0823
96.2500,279.1960,280.0572
96.3000,279.1710,280.0321
96.3500,279.1460,280.0070
96.4000,279.1210,279.9819
96.4500,279.0960,279.9568
96.5000,279.0710,279.9318
96.5500,279.0460,279.9067
96.6000,279.0210,279.8816
96.6500,278.9960,279.8565
96.7000,278.9710,279.8314
96.7500,278.9460,279.8064
96.8000,278.9210,279.7813
96.8500,278.8961,279.7562
96.9000,278.8711,279.7312
96.9500,278.8461,279.7061
97.0000,278.8211,279.6810
97.0500,278.7962,279.6560
97.1000,278.7712,279.6309
97.1500,278.7462,279.6059
97.2000,278.7213,279.5808
97.2500,278.6963,279.5558
97.3000,278.6713,279.5307
97.3500,278.6464,279.5057
97.4000,278.6214,279.4807
97.4500,278.5965,279.4556
97.5000,278.5715,279.4306
97.5500,278.5466,279.4056
97.6000,278.5216,279.3805
97.6500,278.4967,279.3555
97.7000,278.4717,279.3305
97.7500,278.4468,279.3055
97.8000,278.4219,279.2804
97.8500,278.3969,279.2554
97.9000,278.3720,279.2304
97.9500,278.3471,279.2054
98.0000,278.3222,279.1804
98.0500,278.2972,279.1554
98.1000,278.2723,279.1304
98.1500,278.2474,279.1054
98.2000,278.2225,279.0804
98.2500,278.1976,279.0554
98.3000,278.1726,279.0304
98.3500,278.1477,279.0054
98.4000,278.1228,278.9804
98.4500,278.0979,278.9554
98.5000,278.0730,278.9304
98.5500,278.0481,278.9054
98.6000,278.0232,278.8805
98.6500,277.9983,278.8555
98.7000,277.9734,278.8305
98.7500,277.9486,278.8055
98.8000,277.9237,278.7806
98.8500,277.8988,278.7556
98.9000,277.8739,278.7306
98.9500,277.8490,278.7057
99.0000,277.8242,278.6807
99.0500,277.7993,278.6557
99.1000,277.7744,278.6308
99.1500,277.7495,278.6058
99.2000,277.7247,278.5809
99.2500,277.6998,278.5559
99.3000,277.6749,278.5310
99.3500,277.6501,278.5060
99.4000,277.6252,278.4811
99.4500,277.6004,278.4562
99.5000,277.5755,278.4312
99.5500,277.5507,278.4063
99.6000,277.5258,278.3814
99.6500,277.5010,278.3564
99.7000,277.4761,278.3315
99.7500,277.4513,278.3066
99.8000,277.4265,278.2817
99.8500,277.4016,278.2567
99.9000,277.3768,278.2318
99.9500,277.3520,278.2069
100.0000,277.3271,278.1820
100.0500,277.3023,278.1571
100.1000,277.2775,278.1322
100.1500,277.2527,278.1073
100.2000,277.2278,278.0824
100.2500,277.2030,278.0575
100.3000,277.1782,278.0326
100.3500,277.1534,278.0077
100.4000,277.1286,277.9828
100.4500,277.1038,277.9579
100.5000,277.0790,277.9330
100.5500,277.0542,277.9081
100.6000,277.0294,277.8832
100.6500,301.5457,279.7371
100.7000,316.0863,282.4589
100.7500,326.1459,285.1044
100.8000,334.1520,287.6943
100.8500,340.8878,290.2354
100.9000,346.7277,292.7311
100.9500,351.8860,295.1837
101.0000,356.4994,297.5945
101.0500,360.6619,299.9646
101.1000,364.4413,302.2945
101.1500,367.8889,304.5849
101.2000,371.0444,306.8359
101.2500,373.9397,309.0478
101.3000,376.6011,311.2209
101.3500,379.0504,313.3550
101.4000,381.3061,315.4505
101.4500,383.3843,317.5073
101.5000,385.2990,319.5254
101.5500,387.0624,321.5050
101.6000,388.6855,323.4460
101.6500,390.1779,325.3485
101.7000,391.5484,327.2124
101.7500,392.8048,329.0378
101.8000,393.9541,330.8248
101.8500,395.0028,332.5732
101.9000,395.9565,334.2832
101.9500,396.8205,335.9547
102.0000,397.5995,337.5878
102.0500,398.2979,339.1824
102.1000,398.9194,340.7386
102.1500,399.4677,342.2564
102.2000,399.9458,343.7358
102.2500,400.3569,345.1767
102.3000,400.7034,346.5792
102.3500,400.9878,347.9434
102.4000,401.2123,349.2691
102.4500,401.3789,350.5564
102.5000,401.4893,351.8054
102.5500,401.5452,353.0160
102.6000,401.5481,354.1882
102.6500,401.4994,355.3221
102.7000,401.4003,356.4176
102.7500,401.2518,357.4747
102.8000,401.0550,358.4935
102.8500,400.8109,359.4739
102.9000,400.5203,360.4160
102.9500,400.1839,361.3197
103.0000,399.8024,362.1851
103.0500,399.3765,363.0122
103.1000,398.9067,363.8010
103.1500,398.3936,364.5514
103.2000,397.8376,365.2636
103.2500,397.2392,365.9374
103.3000,396.5987,366.5729
103.3500,395.9166,367.1701
103.4000,395.1930,367.7290
103.4500,394.4285,368.2496
103.5000,393.6231,368.7319
103.5500,392.7772,369.1759
103.6000,391.8909,369.5817
103.6500,390.9645,369.9491
103.7000,389.9982,370.2783
103.7500,388.9921,370.5692
103.8000,387.9464,370.8219
103.8500,386.8612,371.0362
103.9000,385.7366,371.2124
103.9500,384.5728,371.3502
104.0000,383.3699,371.4498
104.0500,382.1279,371.5112
104.1000,380.8470,371.5343
104.1500,379.5272,371.5192
104.2000,378.3927,371.4809
104.2500,377.5005,371.4439
104.3000,376.7349,371.4078
104.3500,376.0620,371.3722
104.4000,375.4630,371.3369
104.4500,374.9255,371.3019
104.5000,374.4403,371.2671
104.5500,374.0006,371.2324
104.6000,373.6007,371.1979
104.6500,373.2362,371.1634
104.7000,372.9032,371.1289
104.7500,372.5984,371.0946
104.8000,372.3189,371.0602
104.8500,372.0623,371.0260
104.9000,371.8262,370.9917
104.9500,371.6089,370.9575
105.0000,371.4084,370.9232
105.0500,371.2232,370.8891
105.1000,371.0518,370.8549
105.1500,370.8931,370.8207
105.2000,370.7458,370.7866
105.2500,370.6089,370.7525
105.3000,370.4814,370.7183
105.3500,370.3624,370.6842
105.4000,370.2512,370.6502
105.4500,370.1471,370.6161
105.5000,370.0494,370.5820
105.5500,369.9576,370.5480
105.6000,369.8710,370.5139
105.6500,369.7893,370.4799
105.7000,369.7119,370.4458
105.7500,369.6385,370.4118
105.8000,369.5687,370.3778
105.8500,369.5022,370.3438
105.9000,369.4387,370.3098
105.9500,369.3779,370.2758
106.0000,369.3195,370.2418
106.0500,369.2634,370.2078
106.1000,369.2094,370.1738
106.1500,369.1571,370.1398
106.2000,369.1066,370.1058
106.2500,369.0576,370.0719
106.3000,369.0100,370.0379
106.3500,368.9636,370.0039
106.4000,368.9184,369.9700
106.4500,368.8742,369.9360
106.5000,368.8310,369.9021
106.5500,368.7886,369.8682
106.6000,368.7471,369.8342
106.6500,368.7062,369.8003
106.7000,368.6660,369.7664
106.7500,368.6264,369.7324
106.8000,368.5873,369.6985
106.8500,368.5487,369.6646
106.9000,368.5105,369.6307
106.9500,368.4727,369.5968
107.0000,368.4353,369.5629
107.0500,368.3983,369.5290
107.1000,368.3615,369.4951
107.1500,368.3250,369.4612
107.2000,368.2888,369.4273
107.2500,368.2528,369.3934
107.3000,368.2170,369.3595
107.3500,368.1814,369.3256
107.4000,368.1459,369.2917
107.4500,368.1106,369.2579
107.5000,368.0755,369.2240
107.5500,368.0405,369.1901
107.6000,368.0056,369.1563
107.6500,367.9708,369.1224
107.7000,367.9361,369.0885
107.7500,367.9015,369.0547
107.8000,367.8670,369.0208
107.8500,367.8326,368.9870
107.9000,367.7982,368.9531
107.9500,367.7639,368.9193
108.0000,367.7296,368.8855
108.0500,367.6954,368.8516
108.1000,367.6613,368.8178
108.1500,367.6272,368.7840
108.2000,367.5931,368.7501
108.2500,367.5591,368.7163
108.3000,367.5251,368.6825
108.3500,367.4911,368.6487
108.4000,367.4571,368.6149
108.4500,367.4232,368.5811
108.5000,367.3893,368.5473
108.5500,367.3555,368.5135
108.6000,367.3216,368.4797
108.6500,367.2878,368.4459
108.7000,367.2540,368.4121
108.7500,367.2202,368.3783
108.8000,367.1864,368.3445
108.8500,367.1526,368.3107
108.9000,367.1188,368.2770
108.9500,367.0851,368.2432
109.0000,367.0514,368.2094
109.0500,367.0176,368.1757
109.1000,366.9839,368.1419
109.1500,366.9502,368.1081
109.2000,366.9165,368.0744
109.2500,366.8828,368.0406
109.3000,366.8492,368.0069
109.3500,366.8155,367.9731
109.4000,366.7818,367.9394
109.4500,366.7482,367.9056
109.5000,366.7145,367.8719
109.5500,366.6809,367.8382
109.6000,366.6472,367.8044
109.6500,366.6136,367.7707
109.7000,366.5800,367.7370
109.7500,366.5463,367.7033
109.8000,366.5127,367.6696
109.8500,366.4791,367.6358
109.9000,366.4455,367.6021
109.9500,366.4119,367.5684
110.0000,366.3783,367.5347
110.0500,366.3447,367.5010
110.1000,366.3111,367.4673
110.1500,366.2775,367.4336
110.2000,366.2439,367.3999
110.2500,366.2103,367.3662
110.3000,366.1768,367.3326
110.3500,366.1432,367.2989
110.4000,366.1096,367.2652
110.4500,366.0761,367.2315
110.5000,366.0425,367.1979
110.5500,366.0089,367.1642
110.6000,365.9754,367.1305
110.6500,365.9418,367.0969
110.7000,365.9083,367.0632
110.7500,365.8747,367.0296
110.8000,365.8412,366.9959
110.8500,365.8077,366.9623
110.9000,365.7741,366.9286
110.9500,365.7406,366.8950
111.0000,365.7071,366.8613
111.0500,365.6736,366.8277
111.1000,365.6400,366.7941
111.1500,365.6065,366.7604
111.2000,365.5730,366.7268
111.2500,365.5395,366.6932
111.3000,365.5060,366.6596
111.3500,365.4725,366.6260
111.4000,365.4390,366.5924
111.4500,365.4055,366.5588
111.5000,365.3720,366.5251
111.5500,365.3385,366.4915
111.6000,365.3050,366.4579
111.6500,365.2716,366.4244
111.7000,365.2381,366.3908
111.7500,365.2046,366.3572
111.8000,365.1711,366.3236
111.8500,365.1377,366.2900
111.9000,365.1042,366.2564
111.9500,365.0707,366.2229
112.0000,365.0373,366.1893
112.0500,365.0038,366.1557
112.1000,364.9704,366.1222
112.1500,364.9369,366.0886
112.2000,364.9035,366.0550
112.2500,364.8700,366.0215
112.3000,364.8366,365.9879
112.3500,364.8032,365.9544
112.4000,364.7697,365.9208
112.4500,364.7363,365.8873
112.5000,364.7029,365.8538
112.5500,364.6695,365.8202
112.6000,364.6360,365.7867
112.6500,364.6026,365.7532
112.7000,364.5692,365.7196
112.7500,364.5358,365.6861
112.8000,364.5024,365.6526
112.8500,364.4690,365.6191
112.9000,364.4356,365.5856
112.9500,364.4022,365.5521
113.0000,364.3688,365.5186
113.0500,364.3354,365.4851
113.1000,364.3020,365.4516
113.1500,364.2686,365.4181
113.2000,364.2353,365.3846
113.2500,364.2019,365.3511
113.3000,364.1685,365.3176
113.3500,364.1352,365.2841
113.4000,364.1018,365.2506
113.4500,364.0684,365.2172
113.5000,364.0351,365.1837
113.5500,364.0017,365.1502
113.6000,363.9684,365.1167
113.6500,363.9350,365.0833
113.7000,363.9017,365.0498
113.7500,363.8683,365.0164
113.8000,363.8350,364.9829
113.8500,363.8016,364.9495
113.9000,363.7683,364.9160
113.9500,363.7350,364.8826
114.0000,363.7017,364.8491
114.0500,363.6683,364.8157
114.1000,363.6350,364.7823
114.1500,363.6017,364.7488
114.2000,363.5684,364.7154
114.2500,363.5351,364.6820
114.3000,363.5018,364.6486
114.3500,363.4685,364.6152
114.4000,363.4352,364.5817
114.4500,363.4019,364.5483
114.5000,363.3686,364.5149
114.5500,363.3353,364.4815
114.6000,363.3020,364.4481
114.6500,363.2687,364.4147
114.7000,363.2354,364.3813
114.7500,363.2021,364.3479
114.8000,363.1689,364.3146
114.8500,363.1356,364.2812
114.9000,363.1023,364.2478
114.9500,363.0691,364.2144
115.0000,363.0358,364.1810
115.0500,363.0026,364.1477
115.1000,362.9693,364.1143
115.1500,362.9360,364.0809
115.2000,362.9028,364.0476
115.2500,362.8696,364.0142
115.3000,362.8363,363.9809
115.3500,362.8031,363.9475
115.4000,362.7698,363.9142
115.4500,362.7366,363.8808
115.5000,362.7034,363.8475
115.5500,362.6702,363.8141
115.6000,362.6369,363.7808
115.6500,362.6037,363.7475
115.7000,362.5705,363.7142
115.7500,362.5373,363.6808
115.8000,362.5041,363.6475
115.8500,362.4709,363.6142
115.9000,362.4377,363.5809
115.9500,362.4045,363.5476
116.0000,362.3713,363.5143
116.0500,362.3381,363.4809
116.1000,362.3049,363.4476
116.1500,362.2717,363.4143
116.2000,362.2385,363.3811
116.2500,362.2053,363.3478
116.3000,362.1722,363.3145
116.3500,362.1390,363.2812
116.4000,362.1058,363.2479
116.4500,362.0727,363.2146
116.5000,362.0395,363.1814
116.5500,362.0063,363.1481
116.6000,361.9732,363.1148
116.6500,361.9400,363.0815
116.7000,361.9069,363.0483
116.7500,361.8737,363.0150
116.8000,361.8406,362.9818
116.8500,361.8074,362.9485
116.9000,361.7743,362.9153
116.9500,361.7412,362.8820
117.0000,361.7080,362.8488
117.0500,361.6749,362.8155
117.1000,361.6418,362.7823
117.1500,361.6087,362.7491
117.2000,361.5756,362.7158
117.2500,361.5424,362.6826
117.3000,361.5093,362.6494
117.3500,361.4762,362.6162
117.4000,361.4431,362.5830
117.4500,361.4100,362.5497
117.5000,361.3769,362.5165
117.5500,361.3438,362.4833
117.6000,361.3107,362.4501
117.6500,361.2776,362.4169
117.7000,361.2446,362.3837
117.7500,361.2115,362.3505
117.8000,361.1784,362.3173
117.8500,361.1453,362.2842
117.9000,361.1123,362.2510
117.9500,361.0792,362.2178
118.0000,361.0461,362.1846
118.0500,361.0131,362.1514
118.1000,360.9800,362.1183
118.1500,360.9469,362.0851
118.2000,360.9139,362.0519
118.2500,360.8808,362.0188
118.3000,360.8478,361.9856
118.3500,360.8148,361.9525
118.4000,360.7817,361.9193
118.4500,360.7487,361.8862
118.5000,360.7157,361.8530
118.5500,360.6826,361.8199
118.6000,360.6496,361.7867
118.6500,360.6166,361.7536
118.7000,360.5836,361.7205
118.7500,360.5505,361.6873
118.8000,360.5175,361.6542
118.8500,360.4845,361.6211
118.9000,360.4515,361.5880
118.9500,360.4185,361.5549
119.0000,360.3855,361.5218
119.0500,360.3525,361.4886
119.1000,360.3195,361.4555
119.1500,360.2865,361.4224
119.2000,360.2535,361.3893
119.2500,360.2205,361.3562
119.3000,360.1876,361.3232
119.3500,360.1546,361.2901
119.4000,360.1216,361.2570
119.4500,360.0886,361.2239
119.5000,360.0557,361.1908
119.5500,360.0227,361.1577
119.6000,359.9898,361.1247
119.6500,359.9568,361.0916
119.7000,359.9238,361.0585
119.7500,359.8909,361.0255
119.8000,359.8579,360.9924
119.8500,359.8250,360.9593
119.9000,359.7921,360.9263
119.9500,359.7591,360.8932
120.0000,359.7262,360.8602
120.0500,359.6932,360.8272
120.1000,359.6603,360.7941
120.1500,359.6274,360.7611
120.2000,359.5945,360.7280
120.2500,359.5616,360.6950
120.3000,359.5286,360.6620
120.3500,359.4957,360.6290
120.4000,359.4628,360.5959
120.4500,359.4299,360.5629
120.5000,359.3970,360.5299
120.5500,359.3641,360.4969
120.6000,359.3312,360.4639
120.6500,359.2983,360.4309
120.7000,359.2654,360.3979
120.7500,359.2325,360.3649
120.8000,359.1997,360.3319
120.8500,359.1668,360.2989
120.9000,359.1339,360.2659
120.9500,359.1010,360.2329
121.0000,359.0682,360.1999
121.0500,359.0353,360.1670
121.1000,359.0024,360.1340
121.1500,358.9696,360.1010
121.2000,358.9367,360.0680
121.2500,358.9038,360.0351
121.3000,358.8710,360.0021
121.3500,358.8381,359.9692
121.4000,358.8053,359.9362
121.4500,358.7725,359.9032
121.5000,358.7396,359.8703
121.5500,358.7068,359.8374
121.6000,358.6740,359.8044
121.6500,358.6411,359.7715
121.7000,358.6083,359.7385
121.7500,358.5755,359.7056
121.8000,358.5427,359.6727
121.8500,358.5098,359.6397
121.9000,358.4770,359.6068
121.9500,358.4442,359.5739
122.0000,358.4114,359.5410
122.0500,358.3786,359.5081
122.1000,358.3458,359.4752
122.1500,358.3130,359.4422
122.2000,358.2802,359.4093
122.2500,358.2474,359.3764
122.3000,358.2146,359.3435
122.3500,358.1819,359.3107
122.4000,358.1491,359.2778
122.4500,358.1163,359.2449
122.5000,358.0835,359.2120
122.5500,358.0508,359.1791
122.6000,358.0180,359.1462
122.6500,357.9852,359.1134
122.7000,357.9525,359.0805
122.7500,357.9197,359.0476
122.8000,357.8870,359.0147
122.8500,357.8542,358.9819
122.9000,357.8215,358.9490
122.9500,357.7887,358.9162
123.0000,357.7560,358.8833
123.0500,357.7232,358.8505
123.1000,357.6905,358.8176
123.1500,357.6578,358.7848
123.2000,357.6250,358.7519
123.2500,357.5923,358.7191
123.3000,357.5596,358.6863
123.3500,357.5269,358.6534
123.4000,357.4942,358.6206
123.4500,357.4614,358.5878
123.5000,357.4287,358.5550
123.5500,357.3960,358.5222
123.6000,357.3633,358.4893
123.6500,357.3306,358.4565
123.7000,357.2979,358.4237
123.7500,357.2652,358.3909
123.8000,357.2325,358.3581
123.8500,357.1999,358.3253
123.9000,357.1672,358.2925
123.9500,357.1345,358.2597
124.0000,357.1018,358.2269
124.0500,357.0691,358.1942
124.1000,357.0365,358.1614
124.1500,357.0038,358.1286
124.2000,356.9711,358.0958
124.2500,356.9385,358.0631
124.3000,356.9058,358.0303
124.3500,356.8732,357.9975
124.4000,356.8405,357.9648
124.4500,356.8079,357.9320
124.5000,356.7752,357.8992
124.5500,356.7426,357.8665
124.6000,356.7099,357.8337
124.6500,356.6773,357.8010
124.7000,356.6447,357.7683
124.7500,356.6120,357.7355
124.8000,356.5794,357.7028
124.8500,356.5468,357.6700
124.9000,356.5142,357.6373
124.9500,356.4816,357.6046
125.0000,356.4490,357.5719
125.0500,356.4163,357.5391
125.1000,356.3837,357.5064
125.1500,356.3511,357.4737
125.2000,356.3185,357.4410
125.2500,356.2859,357.4083
125.3000,356.2533,357.3756
125.3500,356.2208,357.3429
125.4000,356.1882,357.3102
125.4500,356.1556,357.2775
125.5000,356.1230,357.2448
125.5500,356.0904,357.2121
125.6000,356.0578,357.1794
125.6500,356.0253,357.1468
125.7000,355.9927,357.1141
125.7500,355.9601,357.0814
125.8000,355.9276,357.0487
125.8500,355.8950,357.0161
125.9000,355.8625,356.9834
125.9500,355.8299,356.9507
126.0000,355.7974,356.9181
126.0500,355.7648,356.8854
126.1000,355.7323,356.8528
126.1500,355.6997,356.8201
126.2000,355.6672,356.7875
126.2500,355.6347,356.7548
126.3000,355.6021,356.7222
126.3500,355.5696,356.6896
126.4000,355.5371,356.6569
126.4500,355.5046,356.6243
126.5000,355.4721,356.5917
126.5500,355.4395,356.5590
126.6000,355.4070,356.5264
126.6500,355.3745,356.4938
126.7000,355.3420,356.4612
126.7500,355.3095,356.4286
126.8000,355.2770,356.3960
126.8500,355.2445,356.3634
126.9000,355.2120,356.3308
126.9500,355.1795,356.2982
127.0000,355.1471,356.2656
127.0500,355.1146,356.2330
127.1000,355.0821,356.2004
127.1500,355.0496,356.1678
127.2000,355.0172,356.1352
127.2500,354.9847,356.1026
127.3000,354.9522,356.0701
127.3500,354.9198,356.0375
127.4000,354.8873,356.0049
127.4500,354.8548,355.9724
127.5000,354.8224,355.9398
127.5500,354.7899,355.9072
127.6000,354.7575,355.8747
127.6500,354.7251,355.8421
127.7000,354.6926,355.8096
127.7500,354.6602,355.7770
127.8000,354.6277,355.7445
127.8500,354.5953,355.7119
127.9000,354.5629,355.6794
127.9500,354.5305,355.6469
128.0000,354.4980,355.6143
128.0500,354.4656,355.5818
128.1000,354.4332,355.5493
128.1500,354.4008,355.5168
128.2000,354.3684,355.4843
128.2500,354.3360,355.4517
128.3000,354.3036,355.4192
128.3500,354.2712,355.3867
128.4000,354.2388,355.3542
128.4500,354.2064,355.3217
128.5000,354.1740,355.2892
128.5500,354.1416,355.2567
128.6000,354.1092,355.2242
128.6500,354.0769,355.1917
128.7000,354.0445,355.1592
128.7500,354.0121,355.1268
128.8000,353.9797,355.0943
128.8500,353.9474,355.0618
128.9000,353.9150,355.0293
128.9500,353.8826,354.9969
129.0000,353.8503,354.9644
129.0500,353.8179,354.9319
129.1000,353.7856,354.8995
129.1500,353.7532,354.8670
129.2000,353.7209,354.8346
129.2500,353.6886,354.8021
129.3000,353.6562,354.7697
129.3500,353.6239,354.7372
129.4000,353.5915,354.7048
129.4500,353.5592,354.6723
129.5000,353.5269,354.6399
129.5500,353.4946,354.6075
129.6000,353.4623,354.5750
129.6500,353.4299,354.5426
129.7000,353.3976,354.5102
129.7500,353.3653,354.4778
129.8000,353.3330,354.4454
129.8500,353.3007,354.4130
129.9000,353.2684,354.3805
129.9500,353.2361,354.3481
130.0000,353.2038,354.3157
130.0500,353.1715,354.2833
130.1000,353.1392,354.2509
130.1500,353.1070,354.2185
130.2000,353.0747,354.1862
130.2500,353.0424,354.1538
130.3000,353.0101,354.1214
130.3500,352.9778,354.0890
130.4000,352.9456,354.0566
130.4500,352.9133,354.0243
130.5000,352.8811,353.9919
130.5500,352.8488,353.9595
130.6000,352.8165,353.9271
130.6500,352.7843,353.8948
130.7000,352.7520,353.8624
130.7500,352.7198,353.8301
130.8000,352.6875,353.7977
130.8500,352.6553,353.7654
130.9000,352.6231,353.7330
130.9500,352.5908,353.7007
131.0000,352.5586,353.6683
131.0500,352.5264,353.6360
131.1000,352.4942,353.6037
131.1500,352.4619,353.5713
131.2000,352.4297,353.5390
131.2500,352.3975,353.5067
131.3000,352.3653,353.4744
131.3500,352.3331,353.4421
131.4000,352.3009,353.4097
131.4500,352.2687,353.3774
131.5000,352.2365,353.3451
131.5500,352.2043,353.3128
131.6000,352.1721,353.2805
131.6500,352.1399,353.2482
131.7000,352.1077,353.2159
131.7500,352.0755,353.1836
131.8000,352.0434,353.1513
131.8500,352.0112,353.1191
131.9000,351.9790,353.0868
131.9500,351.9468,353.0545
132.0000,351.9147,353.0222
132.0500,351.8825,352.9900
132.1000,351.8503,352.9577
132.1500,351.8182,352.9254
132.2000,351.7860,352.8932
132.2500,351.7539,352.8609
132.3000,351.7217,352.8286
132.3500,351.6896,352.7964
132.4000,351.6575,352.7641
132.4500,351.6253,352.7319
132.5000,351.5932,352.6996
132.5500,351.5610,352.6674
132.6000,351.5289,352.6352
132.6500,351.4968,352.6029
132.7000,351.4647,352.5707
132.7500,351.4325,352.5385
132.8000,351.4004,352.5062
132.8500,351.3683,352.4740
132.9000,351.3362,352.4418
132.9500,351.3041,352.4096
133.0000,351.2720,352.3774
133.0500,351.2399,352.3452
133.1000,351.2078,352.3130
133.1500,351.1757,352.2808
133.2000,351.1436,352.2486
133.2500,351.1115,352.2164
133.3000,351.0794,352.1842
133.3500,351.0474,352.1520
133.4000,351.0153,352.1198
133.4500,350.9832,352.0876
133.5000,350.9511,352.0554
133.5500,350.9191,352.0232
133.6000,350.8870,351.9911
133.6500,350.8549,351.9589
133.7000,350.8229,351.9267
133.7500,350.7908,351.8946
133.8000,350.7588,351.8624
133.8500,350.7267,351.8303
133.9000,350.6947,351.7981
133.9500,350.6626,351.7659
134.0000,350.6306,351.7338
134.0500,350.5986,351.7016
134.1000,350.5665,351.6695
134.1500,350.5345,351.6374
134.2000,378.7871,354.0698
134.2500,391.9347,356.7645
134.3000,401.4493,359.3901
134.3500,409.1367,361.9621
134.4000,415.6534,364.4861
134.4500,421.3284,366.9653
134.5000,426.3554,369.4018
134.5500,430.8602,371.7967
134.6000,434.9300,374.1510
134.6500,438.6286,376.4654
134.7000,442.0046,378.7402
134.7500,445.0957,380.9757
134.8000,447.9327,383.1722
134.8500,450.5406,385.3298
134.9000,452.9405,387.4486
134.9500,455.1505,389.5286
135.0000,457.1860,391.5700
135.0500,459.0607,393.5728
135.1000,460.7865,395.5370
135.1500,462.3741,397.4626
135.2000,463.8330,399.3497
135.2500,465.1717,401.1983
135.3000,466.3978,403.0084
135.3500,467.5182,404.7800
135.4000,468.5392,406.5131
135.4500,469.4665,408.2078
135.5000,470.3050,409.8640
135.5500,471.0595,411.4817
135.6000,471.7342,413.0610
135.6500,472.3328,414.6019
135.7000,472.8589,416.1043
135.7500,473.3155,417.5683
135.8000,473.7055,418.9940
135.8500,474.0316,420.3812
135.9000,474.2960,421.7300
135.9500,474.5010,423.0404
136.0000,474.6484,424.3124
136.0500,474.7400,425.5461
136.1000,474.7774,426.7414
136.1500,474.7622,427.8983
136.2000,474.6955,429.0168
136.2500,474.5787,430.0970
136.3000,474.4128,431.1388
136.3500,474.1988,432.1423
136.4000,473.9376,433.1075
136.4500,473.6300,434.0342
136.5000,473.2769,434.9227
136.5500,472.8788,435.7728
136.6000,472.4364,436.5846
136.6500,471.9503,437.3581
136.7000,471.4209,438.0932
136.7500,470.8488,438.7901
136.8000,470.2343,439.4486
136.8500,469.5778,440.0688
136.9000,468.8797,440.6507
136.9500,468.1404,441.1944
137.0000,467.3600,441.6997
137.0500,466.5389,442.1667
137.1000,465.6772,442.5955
137.1500,464.7753,442.9859
137.2000,463.8333,443.3381
137.2500,462.8514,443.6520
137.3000,461.8298,443.9277
137.3500,460.7685,444.1650
137.4000,459.6679,444.3642
137.4500,458.5278,444.5250
137.5000,457.3486,444.6476
137.5500,456.1302,444.7320
137.6000,454.8729,444.7781
137.6500,453.5766,444.7859
137.7000,452.2444,444.7556
137.7500,451.1814,444.7102
137.8000,450.3130,444.6663
137.8500,449.5618,444.6230
137.9000,448.8986,444.5803
137.9500,448.3063,444.5379
138.0000,447.7732,444.4957
138.0500,447.2910,444.4538
138.1000,446.8529,444.4119
138.1500,446.4537,444.3702
138.2000,446.0889,444.3285
138.2500,445.7549,444.2869
138.3000,445.4485,444.2453
138.3500,445.1669,444.2038
138.4000,444.9075,444.1623
138.4500,444.6684,444.1209
138.5000,444.4476,444.0794
138.5500,444.2432,444.0380
138.6000,444.0539,443.9967
138.6500,443.8782,443.9553
138.7000,443.7148,443.9140
138.7500,443.5626,443.8726
138.8000,443.4205,443.8313
138.8500,443.2877,443.7900
138.9000,443.1633,443.7487
138.9500,443.0465,443.7074
139.0000,442.9366,443.6662
139.0500,442.8331,443.6249
139.1000,442.7352,443.5837
139.1500,442.6425,443.5424
139.2000,442.5546,443.5012
139.2500,442.4709,443.4600
139.3000,442.3911,443.4188
139.3500,442.3149,443.3776
139.4000,442.2419,443.3364
139.4500,442.1718,443.2952
139.5000,442.1044,443.2540
139.5500,442.0394,443.2129
139.6000,441.9766,443.1717
139.6500,441.9157,443.1305
139.7000,441.8567,443.0894
139.7500,441.7994,443.0482
139.8000,441.7435,443.0071
139.8500,441.6890,442.9659
139.9000,441.6358,442.9248
139.9500,441.5836,442.8837
140.0000,441.5325,442.8425
140.0500,441.4823,442.8014
140.1000,441.4330,442.7603
140.1500,441.3844,442.7192
140.2000,441.3366,442.6781
140.2500,441.2893,442.6370
140.3000,441.2427,442.5959
140.3500,441.1965,442.5548
140.4000,441.1509,442.5137
140.4500,441.1056,442.4726
140.5000,441.0608,442.4316
140.5500,441.0164,442.3905
140.6000,440.9722,442.3494
140.6500,440.9284,442.3084
140.7000,440.8848,442.2673
140.7500,440.8415,442.2263
140.8000,440.7984,442.1852
140.8500,440.7555,442.1442
140.9000,440.7128,442.1031
140.9500,440.6702,442.0621
141.0000,440.6278,442.0210
141.0500,440.5856,441.9800
141.1000,440.5435,441.9390
141.1500,440.5015,441.8980
141.2000,440.4596,441.8569
141.2500,440.4178,441.8159
141.3000,440.3761,441.7749
141.3500,440.3344,441.7339
141.4000,440.2929,441.6929
141.4500,440.2514,441.6519
141.5000,440.2100,441.6109
141.5500,440.1686,441.5699
141.6000,440.1273,441.5290
141.6500,440.0860,441.4880
141.7000,440.0448,441.4470
141.7500,440.0036,441.4060
141.8000,439.9624,441.3651
141.8500,439.9213,441.3241
141.9000,439.8802,441.2831
141.9500,439.8392,441.2422
142.0000,439.7981,441.2012
142.0500,439.7571,441.1603
142.1000,439.7161,441.1193
142.1500,439.6752,441.0784
142.2000,439.6342,441.0374
142.2500,439.5933,440.9965
142.3000,439.5524,440.9556
142.3500,439.5115,440.9147
142.4000,439.4706,440.8737
142.4500,439.4297,440.8328
142.5000,439.3889,440.7919
142.5500,439.3480,440.7510
142.6000,439.3072,440.7101
142.6500,439.2663,440.6692
142.7000,439.2255,440.6283
142.7500,439.1847,440.5874
142.8000,439.1439,440.5465
142.8500,439.1031,440.5056
142.9000,439.0624,440.4648
142.9500,439.0216,440.4239
143.0000,438.9808,440.3830
143.0500,438.9401,440.3422
143.1000,438.8993,440.3013
143.1500,438.8586,440.2604
143.2000,438.8178,440.2196
143.2500,438.7771,440.1787
143.3000,438.7364,440.1379
143.3500,438.6956,440.0970
143.4000,438.6549,440.0562
143.4500,438.6142,440.0154
143.5000,438.5735,439.9745
143.5500,438.5328,439.9337
143.6000,438.4921,439.8929
143.6500,438.4514,439.8521
143.7000,438.4107,439.8112
143.7500,438.3700,439.7704
143.8000,438.3294,439.7296
143.8500,438.2887,439.6888
143.9000,438.2480,439.6480
143.9500,438.2074,439.6072
144.0000,438.1667,439.5664
144.0500,438.1261,439.5256
144.1000,438.0854,439.4849
144.1500,438.0448,439.4441
144.2000,438.0041,439.4033
144.2500,437.9635,439.3625
144.3000,437.9229,439.3218
144.3500,437.8822,439.2810
144.4000,437.8416,439.2402
144.4500,437.8010,439.1995
144.5000,437.7604,439.1587
144.5500,437.7198,439.1180
144.6000,437.6791,439.0772
144.6500,437.6385,439.0365
144.7000,437.5979,438.9958
144.7500,437.5574,438.9550
144.8000,437.5168,438.9143
144.8500,437.4762,438.8736
144.9000,437.4356,438.8329
144.9500,437.3950,438.7922
145.0000,437.3544,438.7514
145.0500,437.3139,438.7107
145.1000,437.2733,438.6700
145.1500,437.2327,438.6293
145.2000,437.1922,438.5886
145.2500,437.1516,438.5480
145.3000,437.1111,438.5073
145.3500,437.0705,438.4666
145.4000,437.0300,438.4259
145.4500,436.9895,438.3852
145.5000,436.9489,438.3446
145.5500,436.9084,438.3039
145.6000,436.8679,438.2632
145.6500,436.8273,438.2226
145.7000,436.7868,438.1819
145.7500,436.7463,438.1413
145.8000,436.7058,438.1006
145.8500,436.6653,438.0600
145.9000,436.6248,438.0193
145.9500,436.5843,437.9787
146.0000,436.5438,437.9381
146.0500,436.5033,437.8974
146.1000,436.4628,437.8568
146.1500,436.4223,437.8162
146.2000,436.3819,437.7756
146.2500,436.3414,437.7350
146.3000,436.3009,437.6944
146.3500,436.2605,437.6538
146.4000,436.2200,437.6132
146.4500,436.1795,437.5726
146.5000,436.1391,437.5320
146.5500,436.0986,437.4914
146.6000,436.0582,437.4508
146.6500,436.0177,437.4102
146.7000,435.9773,437.3697
146.7500,435.9369,437.3291
146.8000,435.8964,437.2885
146.8500,435.8560,437.2480
146.9000,435.8156,437.2074
146.9500,435.7752,437.1668
147.0000,435.7348,437.1263
147.0500,435.6943,437.0857
147.1000,435.6539,437.0452
147.1500,435.6135,437.0047
147.2000,435.5731,436.9641
147.2500,435.5327,436.9236
147.3000,435.4924,436.8831
147.3500,435.4520,436.8425
147.4000,435.4116,436.8020
147.4500,435.3712,436.7615
147.5000,435.3308,436.7210
147.5500,435.2905,436.6805
147.6000,435.2501,436.6400
147.6500,435.2097,436.5995
147.7000,435.1694,436.5590
147.7500,435.1290,436.5185
147.8000,435.0887,436.4780
147.8500,435.0483,436.4375
147.9000,435.0080,436.3970
147.9500,434.9676,436.3566
148.0000,434.9273,436.3161
148.0500,434.8870,436.2756
148.1000,434.8467,436.2352
148.1500,434.8063,436.1947
148.2000,434.7660,436.1543
148.2500,434.7257,436.1138
148.3000,434.6854,436.0734
148.3500,434.6451,436.0329
148.4000,434.6048,435.9925
148.4500,434.5645,435.9520
148.5000,434.5242,435.9116
148.5500,434.4839,435.8712
148.6000,434.4436,435.8308
148.6500,434.4033,435.7903
148.7000,434.3630,435.7499
148.7500,434.3228,435.7095
148.8000,434.2825,435.6691
148.8500,434.2422,435.6287
148.9000,434.2020,435.5883
148.9500,434.1617,435.5479
149.0000,434.1214,435.5075
149.0500,434.0812,435.4671
149.1000,434.0409,435.4267
149.1500,434.0007,435.3864
149.2000,433.9605,435.3460
149.2500,433.9202,435.3056
149.3000,433.8800,435.2652
149.3500,433.8398,435.2249
149.4000,433.7995,435.1845
149.4500,433.7593,435.1442
149.5000,433.7191,435.1038
149.5500,433.6789,435.0635
149.6000,433.6387,435.0231
149.6500,433.5985,434.9828
149.7000,433.5583,434.9424
149.7500,433.5181,434.9021
149.8000,433.4779,434.8618
149.8500,433.4377,434.8215
149.9000,433.3975,434.7811
149.9500,433.3573,434.7408
150.0000,433.3172,434.7005
150.0500,433.2770,434.6602
150.1000,433.2368,434.6199
150.1500,433.1967,434.5796
150.2000,433.1565,434.5393
150.2500,433.1163,434.4990
150.3000,433.0762,434.4587
150.3500,433.0360,434.4184
150.4000,432.9959,434.3781
150.4500,432.9558,434.3379
150.5000,432.9156,434.2976
150.5500,432.8755,434.2573
150.6000,432.8354,434.2171
150.6500,432.7952,434.1768
150.7000,432.7551,434.1365
150.7500,432.7150,434.0963
150.8000,432.6749,434.0560
150.8500,432.6348,434.0158
150.9000,432.5947,433.9756
150.9500,432.5546,433.9353
151.0000,432.5145,433.8951
151.0500,432.4744,433.8549
151.1000,432.4343,433.8146
151.1500,432.3942,433.7744
151.2000,432.3541,433.7342
151.2500,432.3140,433.6940
151.3000,432.2740,433.6538
151.3500,432.2339,433.6136
151.4000,432.1938,433.5734
151.4500,432.1538,433.5332
151.5000,432.1137,433.4930
151.5500,432.0737,433.4528
151.6000,432.0336,433.4126
151.6500,431.9936,433.3724
151.7000,431.9535,433.3322
151.7500,431.9135,433.2921
151.8000,431.8734,433.2519
151.8500,431.8334,433.2117
151.9000,431.7934,433.1716
151.9500,431.7534,433.1314
152.0000,431.7133,433.0913
152.0500,431.6733,433.0511
152.1000,431.6333,433.0110
152.1500,431.5933,432.9708
152.2000,431.5533,432.9307
152.2500,431.5133,432.8905
152.3000,431.4733,432.8504
152.3500,431.4333,432.8103
152.4000,431.3933,432.7702
152.4500,431.3534,432.7300
152.5000,431.3134,432.6899
152.5500,431.2734,432.6498
152.6000,431.2334,432.6097
152.6500,431.1935,432.5696
152.7000,431.1535,432.5295
152.7500,431.1135,432.4894
152.8000,431.0736,432.4493
152.8500,431.0336,432.4092
152.9000,430.9937,432.3692
152.9500,430.9537,432.3291
153.0000,430.9138,432.2890
153.0500,430.8739,432.2489
153.1000,430.8339,432.2089
153.1500,430.7940,432.1688
153.2000,430.7541,432.1287
153.2500,430.7142,432.0887
153.3000,430.6742,432.0486
153.3500,430.6343,432.0086
153.4000,430.5944,431.9685
153.4500,430.5545,431.9285
153.5000,430.5146,431.8885
153.5500,430.4747,431.8484
153.6000,430.4348,431.8084
153.6500,430.3949,431.7684
153.7000,430.3551,431.7284
153.7500,430.3152,431.6883
153.8000,430.2753,431.6483
153.8500,430.2354,431.6083
153.9000,430.1956,431.5683
153.9500,430.1557,431.5283
154.0000,430.1158,431.4883
154.0500,430.0760,431.4483
154.1000,430.0361,431.4083
154.1500,429.9963,431.3684
154.2000,429.9564,431.3284
154.2500,429.9166,431.2884
154.3000,429.8767,431.2484
154.3500,429.8369,431.2085
154.4000,429.7971,431.1685
154.4500,429.7573,431.1285
154.5000,429.7174,431.0886
154.5500,429.6776,431.0486
154.6000,429.6378,431.0087
154.6500,429.5980,430.9687
154.7000,429.5582,430.9288
154.7500,429.5184,430.8888
154.8000,429.4786,430.8489
154.8500,429.4388,430.8090
154.9000,429.3990,430.7691
154.9500,429.3592,430.7291
155.0000,429.3194,430.6892
155.0500,429.2796,430.6493
155.1000,429.2399,430.6094
155.1500,429.2001,430.5695
155.2000,429.1603,430.5296
155.2500,429.1206,430.4897
155.3000,429.0808,430.4498
155.3500,429.0411,430.4099
155.4000,429.0013,430.3700
155.4500,428.9616,430.3301
155.5000,428.9218,430.2903
155.5500,428.8821,430.2504
155.6000,428.8423,430.2105
155.6500,428.8026,430.1706
155.7000,428.7629,430.1308
155.7500,428.7232,430.0909
155.8000,428.6834,430.0511
155.8500,428.6437,430.0112
155.9000,428.6040,429.9714
155.9500,428.5643,429.9315
156.0000,428.5246,429.8917
156.0500,428.4849,429.8519
156.1000,428.4452,429.8120
156.1500,428.4055,429.7722
156.2000,428.3658,429.7324
156.2500,428.3261,429.6926
156.3000,428.2864,429.6527
156.3500,428.2468,429.6129
156.4000,428.2071,429.5731
156.4500,428.1674,429.5333
156.5000,428.1278,429.4935
156.5500,428.0881,429.4537
156.6000,428.0484,429.4139
156.6500,428.0088,429.3741
156.7000,427.9691,429.3344
156.7500,427.9295,429.2946
156.8000,427.8898,429.2548
156.8500,427.8502,429.2150
156.9000,427.8106,429.1753
156.9500,427.7709,429.1355
157.0000,427.7313,429.0957
157.0500,427.6917,429.0560
157.1000,427.6521,429.0162
157.1500,427.6125,428.9765
157.2000,427.5728,428.9367
157.2500,427.5332,428.8970
157.3000,427.4936,428.8572
157.3500,427.4540,428.8175
157.4000,427.4144,428.7778
157.4500,427.3748,428.7381
157.5000,427.3353,428.6983
157.5500,427.2957,428.6586
157.6000,427.2561,428.6189
157.6500,427.2165,428.5792
157.7000,427.1769,428.5395
157.7500,427.1374,428.4998
157.8000,427.0978,428.4601
157.8500,427.0583,428.4204
157.9000,427.0187,428.3807
157.9500,426.9791,428.3410
158.0000,426.9396,428.3013
158.0500,426.9001,428.2616
158.1000,426.8605,428.2220
158.1500,426.8210,428.1823
158.2000,426.7814,428.1426
158.2500,426.7419,428.1030
158.3000,426.7024,428.0633
158.3500,426.6629,428.0237
158.4000,426.6233,427.9840
158.4500,426.5838,427.9444
158.5000,426.5443,427.9047
158.5500,426.5048,427.8651
158.6000,426.4653,427.8254
158.6500,426.4258,427.7858
158.7000,426.3863,427.7462
158.7500,426.3468,427.7066
158.8000,426.3073,427.6669
158.8500,426.2679,427.6273
158.9000,426.2284,427.5877
158.9500,426.1889,427.5481
159.0000,426.1494,427.5085
159.0500,426.1100,427.4689
159.1000,426.0705,427.4293
159.1500,426.0310,427.3897
159.2000,425.9916,427.3501
159.2500,425.9521,427.3105
159.3000,425.9127,427.2709
159.3500,425.8732,427.2314
159.4000,425.8338,427.1918
159.4500,425.7944,427.1522
159.5000,425.7549,427.1127
159.5500,425.7155,427.0731
159.6000,425.6761,427.0335
159.6500,425.6367,426.9940
159.7000,425.5972,426.9544
159.7500,425.5578,426.9149
159.8000,425.5184,426.8753
159.8500,425.4790,426.8358
159.9000,425.4396,426.7963
159.9500,425.4002,426.7567
160.0000,425.3608,426.7172
160.0500,425.3214,426.6777
160.1000,425.2821,426.6382
160.1500,425.2427,426.5987
160.2000,425.2033,426.5591
160.2500,425.1639,426.5196
160.3000,425.1246,426.4801
160.3500,425.0852,426.4406
160.4000,425.0458,426.4011
160.4500,425.0065,426.3616
160.5000,424.9671,426.3222
160.5500,424.9278,426.2827
160.6000,424.8884,426.2432
160.6500,424.8491,426.2037
160.7000,424.8097,426.1642
160.7500,424.7704,426.1248
160.8000,424.7311,426.0853
160.8500,424.6917,426.0458
160.9000,424.6524,426.0064
160.9500,424.6131,425.9669
161.0000,424.5738,425.9275
161.0500,424.5345,425.8880
161.1000,424.4952,425.8486
161.1500,424.4558,425.8092
161.2000,424.4165,425.7697
161.2500,424.3773,425.7303
161.3000,424.3380,425.6909
161.3500,424.2987,425.6515
161.4000,424.2594,425.6120
161.4500,424.2201,425.5726
161.5000,424.1808,425.5332
161.5500,424.1416,425.4938
161.6000,424.1023,425.4544
161.6500,424.0630,425.4150
161.7000,424.0238,425.3756
161.7500,423.9845,425.3362
161.8000,423.9452,425.2968
161.8500,423.9060,425.2574
161.9000,423.8667,425.2181
161.9500,423.8275,425.1787
162.0000,423.7883,425.1393
162.0500,423.7490,425.1000
162.1000,423.7098,425.0606
162.1500,423.6706,425.0212
162.2000,423.6313,424.9819
162.2500,423.5921,424.9425
162.3000,423.5529,424.9032
162.3500,423.5137,424.8638
162.4000,423.4745,424.8245
162.4500,423.4353,424.7851
162.5000,423.3961,424.7458
162.5500,423.3569,424.7065
162.6000,423.3177,424.6672
162.6500,423.2785,424.6278
162.7000,423.2393,424.5885
162.7500,423.2001,424.5492
162.8000,423.1610,424.5099
162.8500,423.1218,424.4706
162.9000,423.0826,424.4313
162.9500,423.0435,424.3920
163.0000,423.0043,424.3527
163.0500,422.9651,424.3134
163.1000,422.9260,424.2741
163.1500,422.8868,424.2348
163.2000,422.8477,424.1956
163.2500,422.8085,424.1563
163.3000,422.7694,424.1170
163.3500,422.7303,424.0777
163.4000,422.6911,424.0385
163.4500,422.6520,423.9992
163.5000,422.6129,423.9600
163.5500,422.5738,423.9207
163.6000,422.5347,423.8815
163.6500,422.4955,423.8422
163.7000,422.4564,423.8030
163.7500,422.4173,423.7637
163.8000,422.3782,423.7245
163.8500,422.3391,423.6853
163.9000,422.3000,423.6461
163.9500,422.2610,423.6068
164.0000,422.2219,423.5676
164.0500,422.1828,423.5284
164.1000,422.1437,423.4892
164.1500,422.1046,423.4500
164.2000,422.0656,423.4108
164.2500,422.0265,423.3716
164.3000,421.9874,423.3324
164.3500,421.9484,423.2932
164.4000,421.9093,423.2540
164.4500,421.8703,423.2148
164.5000,421.8312,423.1757
164.5500,421.7922,423.1365
164.6000,421.7532,423.0973
164.6500,421.7141,423.0582
164.7000,421.6751,423.0190
164.7500,421.6361,422.9798
164.8000,421.5970,422.9407
164.8500,421.5580,422.9015
164.9000,421.5190,422.8624
164.9500,421.4800,422.8232
165.0000,421.4410,422.7841
165.0500,421.4020,422.7450
165.1000,421.3630,422.7058
165.1500,421.3240,422.6667
165.2000,421.2850,422.6276
165.2500,421.2460,422.5885
165.3000,421.2070,422.5493
165.3500,421.1680,422.5102
165.4000,421.1291,422.4711
165.4500,421.0901,422.4320
165.5000,421.0511,422.3929
165.5500,421.0122,422.3538
165.6000,420.9732,422.3147
165.6500,420.9342,422.2756
165.7000,420.8953,422.2365
165.7500,420.8563,422.1975
165.8000,420.8174,422.1584
165.8500,420.7784,422.1193
165.9000,420.7395,422.0802
165.9500,420.7006,422.0412
166.0000,420.6616,422.0021
166.0500,420.6227,421.9630
166.1000,420.5838,421.9240
166.1500,420.5449,421.8849
166.2000,420.5060,421.8459
166.2500,420.4670,421.8068
166.3000,420.4281,421.7678
166.3500,420.3892,421.7288
166.4000,420.3503,421.6897
166.4500,420.3114,421.6507
166.5000,420.2725,421.6117
166.5500,420.2337,421.5727
166.6000,420.1948,421.5336
166.6500,420.1559,421.4946
166.7000,420.1170,421.4556
166.7500,420.0781,421.4166
166.8000,420.0393,421.3776
166.8500,420.0004,421.3386
166.9000,419.9615,421.2996
166.9500,419.9227,421.2606
167.0000,419.8838,421.2216
167.0500,419.8450,421.1827
167.1000,419.8061,421.1437
167.1500,419.7673,421.1047
167.2000,419.7284,421.0657
167.2500,419.6896,421.0268
167.3000,419.6508,420.9878
167.3500,419.6119,420.9489
167.4000,419.5731,420.9099
167.4500,419.5343,420.8709
167.5000,419.4955,420.8320
167.5500,419.4567,420.7931
167.6000,419.4179,420.7541
167.6500,419.3791,420.7152
